-- phpMyAdmin SQL Dump
-- version 4.6.0
-- http://www.phpmyadmin.net
--
-- Хост: localhost
-- Время создания: Апр 14 2016 г., 00:00
-- Версия сервера: 5.5.45
-- Версия PHP: 5.6.12

SET SQL_MODE = "NO_AUTO_VALUE_ON_ZERO";
SET time_zone = "+00:00";


/*!40101 SET @OLD_CHARACTER_SET_CLIENT=@@CHARACTER_SET_CLIENT */;
/*!40101 SET @OLD_CHARACTER_SET_RESULTS=@@CHARACTER_SET_RESULTS */;
/*!40101 SET @OLD_COLLATION_CONNECTION=@@COLLATION_CONNECTION */;
/*!40101 SET NAMES utf8mb4 */;

--
-- База данных: `png32649`
--

-- --------------------------------------------------------

--
-- Структура таблицы `authors`
--

CREATE TABLE `authors` (
  `id` int(10) UNSIGNED NOT NULL,
  `name` varchar(255) COLLATE utf8_bin NOT NULL
) ENGINE=InnoDB DEFAULT CHARSET=utf8 COLLATE=utf8_bin;

--
-- Дамп данных таблицы `authors`
--

INSERT INTO `authors` (`id`, `name`) VALUES
(0, 'Undefined'),
(1, 'Bach'),
(2, 'Mozart'),
(3, 'Some Great Author'),
(4, 'Mozart and Co'),
(5, 'MoZaRt1'),
(6, 'MoZaRt12');

-- --------------------------------------------------------

--
-- Структура таблицы `AuthorsCompositions`
--

CREATE TABLE `AuthorsCompositions` (
  `author_id` int(11) NOT NULL,
  `composition_id` int(11) NOT NULL
) ENGINE=InnoDB DEFAULT CHARSET=utf8 COLLATE=utf8_bin;

-- --------------------------------------------------------

--
-- Структура таблицы `compositions`
--

CREATE TABLE `compositions` (
  `id` int(10) UNSIGNED NOT NULL,
  `author_id` int(10) UNSIGNED NOT NULL,
  `name` varchar(256) COLLATE utf8_bin NOT NULL,
  `description` text COLLATE utf8_bin NOT NULL,
  `url` varchar(256) COLLATE utf8_bin NOT NULL,
  `published` date NOT NULL COMMENT 'publish date',
  `created` date NOT NULL COMMENT 'composition create date',
  `tags` text COLLATE utf8_bin NOT NULL COMMENT 'tags'
) ENGINE=InnoDB DEFAULT CHARSET=utf8 COLLATE=utf8_bin;

--
-- Дамп данных таблицы `compositions`
--

INSERT INTO `compositions` (`id`, `author_id`, `name`, `description`, `url`, `published`, `created`, `tags`) VALUES
(0, 0, 'Undefined', '', '', '0000-00-00', '0000-00-00', ''),
(1, 1, 'Bach violin concert vol.3', 'Violin concert written by Bach to test my site and DataBase work. Nothing important here. Message will be deleted in 15 seconds.', '', '0000-00-00', '0000-00-00', ''),
(2, 2, 'Piano composition #3 chapter 7', 'Piano composition written by Mozart.', '', '0000-00-00', '0000-00-00', ''),
(3, 2, 'Piano composition №77 chapter 7', 'Piano composition written by some great man.', '', '0000-00-00', '0000-00-00', ''),
(4, 2, 'Piano composition ?77 chapter 7', 'Piano composition written by some great man.', '', '0000-00-00', '0000-00-00', ''),
(5, 2, 'Piano composition ?77 chapter 7', 'Piano composition written by some great man.', '', '0000-00-00', '0000-00-00', ''),
(6, 2, 'Piano composition ?77 chapter 7', 'Piano composition written by some great man.', '', '0000-00-00', '0000-00-00', ''),
(7, 2, 'Piano composition ?77 chapter 7', 'Piano composition written by some great man.', '', '0000-00-00', '0000-00-00', ''),
(8, 2, 'Piano composition ?77 chapter 7', 'Piano composition written by some great man.', '', '0000-00-00', '0000-00-00', ''),
(9, 2, 'Piano composition ?77 chapter 7', 'Piano composition written by some great man.', '', '0000-00-00', '0000-00-00', ''),
(10, 2, 'Piano composition ?77 chapter 7', 'Piano composition written by some great man.', '', '0000-00-00', '0000-00-00', ''),
(11, 2, 'Piano composition ?77 chapter 7', 'Piano composition written by some great man.', '', '0000-00-00', '0000-00-00', ''),
(12, 2, 'Piano composition ?77 chapter 7', 'Piano composition written by some great man.', '', '0000-00-00', '0000-00-00', ''),
(13, 2, 'Piano composition ?77 chapter 7', 'Piano composition written by some great man.', '', '0000-00-00', '0000-00-00', ''),
(14, 2, 'Piano composition ?77 chapter 7', 'Piano composition written by some great man.', '', '0000-00-00', '0000-00-00', ''),
(15, 2, 'Piano composition ?77 chapter 7', 'Piano composition written by some great man.', '', '0000-00-00', '0000-00-00', ''),
(16, 2, 'Piano composition ?77 chapter 7', 'Piano composition written by some great man.', '', '0000-00-00', '0000-00-00', ''),
(17, 2, 'Piano composition ?77 chapter 7', 'Piano composition written by some great man.', '', '0000-00-00', '0000-00-00', ''),
(18, 2, 'Piano composition ?77 chapter 7', 'Piano composition written by some great man.', '', '0000-00-00', '0000-00-00', ''),
(19, 2, 'Piano composition ?77 chapter 7', 'Piano composition written by some great man.', '', '0000-00-00', '0000-00-00', ''),
(20, 2, 'Piano composition ?77 chapter 7', 'Piano composition written by some great man.', '', '0000-00-00', '0000-00-00', ''),
(21, 2, 'Piano composition ?77 chapter 7', 'Piano composition written by some great man.', '', '0000-00-00', '0000-00-00', ''),
(22, 2, 'Piano composition ?77 chapter 7', 'Piano composition written by some great man.', '', '0000-00-00', '0000-00-00', ''),
(23, 2, 'Piano composition ?77 chapter 7', 'Piano composition written by some great man.', '', '0000-00-00', '0000-00-00', ''),
(24, 2, 'Piano composition ?77 chapter 7', 'Piano composition written by some great man.', '', '0000-00-00', '0000-00-00', ''),
(25, 2, 'Piano composition ?77 chapter 7', 'Piano composition written by some great man.', '', '0000-00-00', '0000-00-00', ''),
(26, 2, 'Piano composition ?77 chapter 7', 'Piano composition written by some great man.', '', '0000-00-00', '0000-00-00', ''),
(27, 2, 'Piano composition ?77 chapter 7', 'Piano composition written by some great man.', '', '0000-00-00', '0000-00-00', ''),
(28, 2, 'Piano composition ?77 chapter 7', 'Piano composition written by some great man.', '', '0000-00-00', '0000-00-00', ''),
(29, 2, 'Piano composition ?77 chapter 7', 'Piano composition written by some great man.', '', '0000-00-00', '0000-00-00', ''),
(30, 2, 'Piano composition ?77 chapter 7', 'Piano composition written by some great man.', '', '0000-00-00', '0000-00-00', ''),
(31, 2, 'Piano composition ?77 chapter 7', 'Piano composition written by some great man.', '', '0000-00-00', '0000-00-00', ''),
(32, 2, 'Piano composition ?77 chapter 7', 'Piano composition written by some great man.', '', '0000-00-00', '0000-00-00', ''),
(33, 2, 'Piano composition ?77 chapter 7', 'Piano composition written by some great man.', '', '0000-00-00', '0000-00-00', ''),
(34, 2, 'Piano composition ?77 chapter 7', 'Piano composition written by some great man.', '', '0000-00-00', '0000-00-00', ''),
(35, 2, 'Piano composition ?77 chapter 7', 'Piano composition written by some great man.', '', '0000-00-00', '0000-00-00', ''),
(36, 2, 'Piano composition ?77 chapter 7', 'Piano composition written by some great man.', '', '0000-00-00', '0000-00-00', ''),
(37, 2, 'Piano composition ?77 chapter 7', 'Piano composition written by some great man.', '', '0000-00-00', '0000-00-00', ''),
(38, 2, 'Piano composition ?77 chapter 7', 'Piano composition written by some great man.', '', '0000-00-00', '0000-00-00', ''),
(39, 2, 'Piano composition ?77 chapter 7', 'Piano composition written by some great man.', '', '0000-00-00', '0000-00-00', ''),
(40, 2, 'Piano composition ?77 chapter 7', 'Piano composition written by some great man.', '', '0000-00-00', '0000-00-00', ''),
(41, 2, 'Piano composition ?77 chapter 7', 'Piano composition written by some great man.', '', '0000-00-00', '0000-00-00', ''),
(42, 2, 'Piano composition ?77 chapter 7', 'Piano composition written by some great man.', '', '0000-00-00', '0000-00-00', ''),
(43, 2, 'Piano composition ?77 chapter 7', 'Piano composition written by some great man.', '', '0000-00-00', '0000-00-00', ''),
(44, 2, 'Piano composition ?77 chapter 7', 'Piano composition written by some great man.', '', '0000-00-00', '0000-00-00', ''),
(45, 2, 'Piano composition ?77 chapter 7', 'Piano composition written by some great man.', '', '0000-00-00', '0000-00-00', ''),
(46, 2, 'Piano composition ?77 chapter 7', 'Piano composition written by some great man.', '', '0000-00-00', '0000-00-00', ''),
(47, 2, 'Piano composition ?77 chapter 7', 'Piano composition written by some great man.', '', '0000-00-00', '0000-00-00', ''),
(48, 2, 'Piano composition ?77 chapter 7', 'Piano composition written by some great man.', '', '0000-00-00', '0000-00-00', ''),
(49, 2, 'Piano composition ?77 chapter 7', 'Piano composition written by some great man.', '', '0000-00-00', '0000-00-00', ''),
(50, 2, 'Piano composition ?77 chapter 7', 'Piano composition written by some great man.', '', '0000-00-00', '0000-00-00', ''),
(51, 2, 'Piano composition ?77 chapter 7', 'Piano composition written by some great man.', '', '0000-00-00', '0000-00-00', ''),
(52, 2, 'Piano composition ?77 chapter 7', 'Piano composition written by some great man.', '', '0000-00-00', '0000-00-00', ''),
(53, 2, 'Piano composition ?77 chapter 7', 'Piano composition written by some great man.', '', '0000-00-00', '0000-00-00', ''),
(54, 2, 'Piano composition ?77 chapter 7', 'Piano composition written by some great man.', '', '0000-00-00', '0000-00-00', ''),
(55, 2, 'Piano composition ?77 chapter 7', 'Piano composition written by some great man.', '', '0000-00-00', '0000-00-00', ''),
(56, 2, 'Piano composition ?77 chapter 7', 'Piano composition written by some great man.', '', '0000-00-00', '0000-00-00', ''),
(57, 2, 'Piano composition ?77 chapter 7', 'Piano composition written by some great man.', '', '0000-00-00', '0000-00-00', ''),
(58, 2, 'Piano composition ?77 chapter 7', 'Piano composition written by some great man.', '', '0000-00-00', '0000-00-00', ''),
(59, 2, 'Piano composition ?77 chapter 7', 'Piano composition written by some great man.', '', '0000-00-00', '0000-00-00', ''),
(60, 2, 'Piano composition ?77 chapter 7', 'Piano composition written by some great man.', '', '0000-00-00', '0000-00-00', ''),
(61, 2, 'Piano composition ?77 chapter 7', 'Piano composition written by some great man.', '', '0000-00-00', '0000-00-00', ''),
(62, 2, 'Piano composition ?77 chapter 7', 'Piano composition written by some great man.', '', '0000-00-00', '0000-00-00', ''),
(63, 2, 'Piano composition ?77 chapter 7', 'Piano composition written by some great man.', '', '0000-00-00', '0000-00-00', ''),
(64, 2, 'Piano composition ?77 chapter 7', 'Piano composition written by some great man.', '', '0000-00-00', '0000-00-00', ''),
(65, 2, 'Piano composition ?77 chapter 7', 'Piano composition written by some great man.', '', '0000-00-00', '0000-00-00', ''),
(66, 2, 'Piano composition ?77 chapter 7', 'Piano composition written by some great man.', '', '0000-00-00', '0000-00-00', ''),
(67, 2, 'Piano composition ?77 chapter 7', 'Piano composition written by some great man.', '', '0000-00-00', '0000-00-00', ''),
(68, 2, 'Piano composition ?77 chapter 7', 'Piano composition written by some great man.', '', '0000-00-00', '0000-00-00', ''),
(69, 2, 'Piano composition ?77 chapter 7', 'Piano composition written by some great man.', '', '0000-00-00', '0000-00-00', ''),
(70, 2, 'Piano composition ?77 chapter 7', 'Piano composition written by some great man.', '', '0000-00-00', '0000-00-00', ''),
(71, 2, 'Piano composition ?77 chapter 7', 'Piano composition written by some great man.', '', '0000-00-00', '0000-00-00', ''),
(72, 2, 'Piano composition ?77 chapter 7', 'Piano composition written by some great man.', '', '0000-00-00', '0000-00-00', ''),
(73, 2, 'Piano composition ?77 chapter 7', 'Piano composition written by some great man.', '', '0000-00-00', '0000-00-00', ''),
(74, 2, 'Piano composition ?77 chapter 7', 'Piano composition written by some great man.', '', '0000-00-00', '0000-00-00', ''),
(75, 2, 'Piano composition ?77 chapter 7', 'Piano composition written by some great man.', '', '0000-00-00', '0000-00-00', ''),
(76, 2, 'Piano composition ?77 chapter 7', 'Piano composition written by some great man.', '', '0000-00-00', '0000-00-00', ''),
(77, 2, 'Piano composition ?77 chapter 7', 'Piano composition written by some great man.', '', '0000-00-00', '0000-00-00', ''),
(78, 2, 'Piano composition ?77 chapter 7', 'Piano composition written by some great man.', '', '0000-00-00', '0000-00-00', ''),
(79, 2, 'Piano composition ?77 chapter 7', 'Piano composition written by some great man.', '', '0000-00-00', '0000-00-00', ''),
(80, 2, 'Piano composition ?77 chapter 7', 'Piano composition written by some great man.', '', '0000-00-00', '0000-00-00', ''),
(81, 2, 'Piano composition ?77 chapter 7', 'Piano composition written by some great man.', '', '0000-00-00', '0000-00-00', ''),
(82, 2, 'Piano composition ?77 chapter 7', 'Piano composition written by some great man.', '', '0000-00-00', '0000-00-00', ''),
(83, 2, 'Piano composition ?77 chapter 7', 'Piano composition written by some great man.', '', '0000-00-00', '0000-00-00', ''),
(84, 2, 'Piano composition ?77 chapter 7', 'Piano composition written by some great man.', '', '0000-00-00', '0000-00-00', ''),
(85, 2, 'Piano composition ?77 chapter 7', 'Piano composition written by some great man.', '', '0000-00-00', '0000-00-00', ''),
(86, 2, 'Piano composition ?77 chapter 7', 'Piano composition written by some great man.', '', '0000-00-00', '0000-00-00', ''),
(87, 2, 'Piano composition ?77 chapter 7', 'Piano composition written by some great man.', '', '0000-00-00', '0000-00-00', ''),
(88, 2, 'Piano composition ?77 chapter 7', 'Piano composition written by some great man.', '', '0000-00-00', '0000-00-00', ''),
(89, 2, 'Piano composition ?77 chapter 7', 'Piano composition written by some great man.', '', '0000-00-00', '0000-00-00', ''),
(90, 2, 'Piano composition ?77 chapter 7', 'Piano composition written by some great man.', '', '0000-00-00', '0000-00-00', ''),
(91, 2, 'Piano composition ?77 chapter 7', 'Piano composition written by some great man.', '', '0000-00-00', '0000-00-00', ''),
(92, 2, 'Piano composition ?77 chapter 7', 'Piano composition written by some great man.', '', '0000-00-00', '0000-00-00', ''),
(93, 2, 'Piano composition ?77 chapter 7', 'Piano composition written by some great man.', '', '0000-00-00', '0000-00-00', ''),
(94, 2, 'Piano composition ?77 chapter 7', 'Piano composition written by some great man.', '', '0000-00-00', '0000-00-00', ''),
(95, 2, 'Piano composition ?77 chapter 7', 'Piano composition written by some great man.', '', '0000-00-00', '0000-00-00', ''),
(96, 2, 'Piano composition ?77 chapter 7', 'Piano composition written by some great man.', '', '0000-00-00', '0000-00-00', ''),
(97, 2, 'Piano composition ?77 chapter 7', 'Piano composition written by some great man.', '', '0000-00-00', '0000-00-00', ''),
(98, 2, 'Piano composition ?77 chapter 7', 'Piano composition written by some great man.', '', '0000-00-00', '0000-00-00', ''),
(99, 2, 'Piano composition ?77 chapter 7', 'Piano composition written by some great man.', '', '0000-00-00', '0000-00-00', ''),
(100, 2, 'Piano composition ?77 chapter 7', 'Piano composition written by some great man.', '', '0000-00-00', '0000-00-00', ''),
(101, 2, 'Piano composition ?77 chapter 7', 'Piano composition written by some great man.', '', '0000-00-00', '0000-00-00', ''),
(102, 2, 'Piano composition ?77 chapter 7', 'Piano composition written by some great man.', '', '0000-00-00', '0000-00-00', ''),
(103, 2, 'Piano composition ?77 chapter 7', 'Piano composition written by some great man.', '', '0000-00-00', '0000-00-00', ''),
(104, 2, 'Piano composition ?77 chapter 7', 'Piano composition written by some great man.', '', '0000-00-00', '0000-00-00', ''),
(105, 2, 'Piano composition ?77 chapter 7', 'Piano composition written by some great man.', '', '0000-00-00', '0000-00-00', ''),
(106, 2, 'Piano composition ?77 chapter 7', 'Piano composition written by some great man.', '', '0000-00-00', '0000-00-00', ''),
(107, 2, 'Piano composition ?77 chapter 7', 'Piano composition written by some great man.', '', '0000-00-00', '0000-00-00', ''),
(108, 2, 'Piano composition ?77 chapter 7', 'Piano composition written by some great man.', '', '0000-00-00', '0000-00-00', ''),
(109, 2, 'Piano composition ?77 chapter 7', 'Piano composition written by some great man.', '', '0000-00-00', '0000-00-00', ''),
(110, 2, 'Piano composition ?77 chapter 7', 'Piano composition written by some great man.', '', '0000-00-00', '0000-00-00', ''),
(111, 2, 'Piano composition ?77 chapter 7', 'Piano composition written by some great man.', '', '0000-00-00', '0000-00-00', ''),
(112, 2, 'Piano composition ?77 chapter 7', 'Piano composition written by some great man.', '', '0000-00-00', '0000-00-00', ''),
(113, 2, 'Piano composition ?77 chapter 7', 'Piano composition written by some great man.', '', '0000-00-00', '0000-00-00', ''),
(114, 2, 'Piano composition ?77 chapter 7', 'Piano composition written by some great man.', '', '0000-00-00', '0000-00-00', ''),
(115, 2, 'Piano composition ?77 chapter 7', 'Piano composition written by some great man.', '', '0000-00-00', '0000-00-00', ''),
(116, 2, 'Piano composition ?77 chapter 7', 'Piano composition written by some great man.', '', '0000-00-00', '0000-00-00', ''),
(117, 2, 'Piano composition ?77 chapter 7', 'Piano composition written by some great man.', '', '0000-00-00', '0000-00-00', ''),
(118, 2, 'Piano composition ?77 chapter 7', 'Piano composition written by some great man.', '', '0000-00-00', '0000-00-00', ''),
(119, 2, 'Piano composition ?77 chapter 7', 'Piano composition written by some great man.', '', '0000-00-00', '0000-00-00', ''),
(120, 2, 'Piano composition ?77 chapter 7', 'Piano composition written by some great man.', '', '0000-00-00', '0000-00-00', ''),
(121, 2, 'Piano composition ?77 chapter 7', 'Piano composition written by some great man.', '', '0000-00-00', '0000-00-00', ''),
(122, 2, 'Piano composition ?77 chapter 7', 'Piano composition written by some great man.', '', '0000-00-00', '0000-00-00', ''),
(123, 2, 'Piano composition ?77 chapter 7', 'Piano composition written by some great man.', '', '0000-00-00', '0000-00-00', ''),
(124, 2, 'Piano composition ?77 chapter 7', 'Piano composition written by some great man.', '', '0000-00-00', '0000-00-00', ''),
(125, 2, 'Piano composition ?77 chapter 7', 'Piano composition written by some great man.', '', '0000-00-00', '0000-00-00', ''),
(126, 2, 'Piano composition ?77 chapter 7', 'Piano composition written by some great man.', '', '0000-00-00', '0000-00-00', ''),
(127, 2, 'Piano composition ?77 chapter 7', 'Piano composition written by some great man.', '', '0000-00-00', '0000-00-00', ''),
(128, 2, 'Piano composition ?77 chapter 7', 'Piano composition written by some great man.', '', '0000-00-00', '0000-00-00', ''),
(129, 2, 'Piano composition ?77 chapter 7', 'Piano composition written by some great man.', '', '0000-00-00', '0000-00-00', ''),
(130, 2, 'Piano composition ?77 chapter 7', 'Piano composition written by some great man.', '', '0000-00-00', '0000-00-00', ''),
(131, 2, 'Piano composition ?77 chapter 7', 'Piano composition written by some great man.', '', '0000-00-00', '0000-00-00', ''),
(132, 2, 'Piano composition ?77 chapter 7', 'Piano composition written by some great man.', '', '0000-00-00', '0000-00-00', ''),
(133, 2, 'Piano composition ?77 chapter 7', 'Piano composition written by some great man.', '', '0000-00-00', '0000-00-00', ''),
(134, 2, 'Piano composition ?77 chapter 7', 'Piano composition written by some great man.', '', '0000-00-00', '0000-00-00', ''),
(135, 2, 'Piano composition ?77 chapter 7', 'Piano composition written by some great man.', '', '0000-00-00', '0000-00-00', ''),
(136, 2, 'Piano composition ?77 chapter 7', 'Piano composition written by some great man.', '', '0000-00-00', '0000-00-00', ''),
(137, 2, 'Piano composition ?77 chapter 7', 'Piano composition written by some great man.', '', '0000-00-00', '0000-00-00', ''),
(138, 2, 'Piano composition ?77 chapter 7', 'Piano composition written by some great man.', '', '0000-00-00', '0000-00-00', ''),
(139, 2, 'Piano composition ?77 chapter 7', 'Piano composition written by some great man.', '', '0000-00-00', '0000-00-00', ''),
(140, 2, 'Piano composition ?77 chapter 7', 'Piano composition written by some great man.', '', '0000-00-00', '0000-00-00', ''),
(141, 2, 'Piano composition ?77 chapter 7', 'Piano composition written by some great man.', '', '0000-00-00', '0000-00-00', ''),
(142, 2, 'Piano composition ?77 chapter 7', 'Piano composition written by some great man.', '', '0000-00-00', '0000-00-00', ''),
(143, 2, 'Piano composition ?77 chapter 7', 'Piano composition written by some great man.', '', '0000-00-00', '0000-00-00', ''),
(144, 2, 'Piano composition ?77 chapter 7', 'Piano composition written by some great man.', '', '0000-00-00', '0000-00-00', ''),
(145, 2, 'Piano composition ?77 chapter 7', 'Piano composition written by some great man.', '', '0000-00-00', '0000-00-00', ''),
(146, 2, 'Piano composition ?77 chapter 7', 'Piano composition written by some great man.', '', '0000-00-00', '0000-00-00', ''),
(147, 2, 'Piano composition ?77 chapter 7', 'Piano composition written by some great man.', '', '0000-00-00', '0000-00-00', ''),
(148, 2, 'Piano composition ?77 chapter 7', 'Piano composition written by some great man.', '', '0000-00-00', '0000-00-00', ''),
(149, 2, 'Piano composition ?77 chapter 7', 'Piano composition written by some great man.', '', '0000-00-00', '0000-00-00', ''),
(150, 2, 'Piano composition ?77 chapter 7', 'Piano composition written by some great man.', '', '0000-00-00', '0000-00-00', ''),
(151, 2, 'Piano composition ?77 chapter 7', 'Piano composition written by some great man.', '', '0000-00-00', '0000-00-00', ''),
(152, 2, 'Piano composition ?77 chapter 7', 'Piano composition written by some great man.', '', '0000-00-00', '0000-00-00', ''),
(153, 2, 'Piano composition ?77 chapter 7', 'Piano composition written by some great man.', '', '0000-00-00', '0000-00-00', ''),
(154, 2, 'Piano composition ?77 chapter 7', 'Piano composition written by some great man.', '', '0000-00-00', '0000-00-00', ''),
(155, 2, 'Piano composition ?77 chapter 7', 'Piano composition written by some great man.', '', '0000-00-00', '0000-00-00', ''),
(156, 2, 'Piano composition ?77 chapter 7', 'Piano composition written by some great man.', '', '0000-00-00', '0000-00-00', ''),
(157, 2, 'Piano composition ?77 chapter 7', 'Piano composition written by some great man.', '', '0000-00-00', '0000-00-00', ''),
(158, 2, 'Piano composition ?77 chapter 7', 'Piano composition written by some great man.', '', '0000-00-00', '0000-00-00', ''),
(159, 2, 'Piano composition ?77 chapter 7', 'Piano composition written by some great man.', '', '0000-00-00', '0000-00-00', ''),
(160, 2, 'Piano composition ?77 chapter 7', 'Piano composition written by some great man.', '', '0000-00-00', '0000-00-00', ''),
(161, 2, 'Piano composition ?77 chapter 7', 'Piano composition written by some great man.', '', '0000-00-00', '0000-00-00', ''),
(162, 2, 'Piano composition ?77 chapter 7', 'Piano composition written by some great man.', '', '0000-00-00', '0000-00-00', ''),
(163, 2, 'Piano composition ?77 chapter 7', 'Piano composition written by some great man.', '', '0000-00-00', '0000-00-00', ''),
(164, 2, 'Piano composition ?77 chapter 7', 'Piano composition written by some great man.', '', '0000-00-00', '0000-00-00', ''),
(165, 2, 'Piano composition ?77 chapter 7', 'Piano composition written by some great man.', '', '0000-00-00', '0000-00-00', ''),
(166, 2, 'Piano composition ?77 chapter 7', 'Piano composition written by some great man.', '', '0000-00-00', '0000-00-00', ''),
(167, 2, 'Piano composition ?77 chapter 7', 'Piano composition written by some great man.', '', '0000-00-00', '0000-00-00', ''),
(168, 2, 'Piano composition ?77 chapter 7', 'Piano composition written by some great man.', '', '0000-00-00', '0000-00-00', ''),
(169, 2, 'Piano composition ?77 chapter 7', 'Piano composition written by some great man.', '', '0000-00-00', '0000-00-00', ''),
(170, 2, 'Piano composition ?77 chapter 7', 'Piano composition written by some great man.', '', '0000-00-00', '0000-00-00', ''),
(171, 2, 'Piano composition ?77 chapter 7', 'Piano composition written by some great man.', '', '0000-00-00', '0000-00-00', ''),
(172, 2, 'Piano composition ?77 chapter 7', 'Piano composition written by some great man.', '', '0000-00-00', '0000-00-00', ''),
(173, 2, 'Piano composition ?77 chapter 7', 'Piano composition written by some great man.', '', '0000-00-00', '0000-00-00', ''),
(174, 2, 'Piano composition ?77 chapter 7', 'Piano composition written by some great man.', '', '0000-00-00', '0000-00-00', ''),
(175, 2, 'Piano composition ?77 chapter 7', 'Piano composition written by some great man.', '', '0000-00-00', '0000-00-00', ''),
(176, 2, 'Piano composition ?77 chapter 7', 'Piano composition written by some great man.', '', '0000-00-00', '0000-00-00', ''),
(177, 2, 'Piano composition ?77 chapter 7', 'Piano composition written by some great man.', '', '0000-00-00', '0000-00-00', ''),
(178, 2, 'Piano composition ?77 chapter 7', 'Piano composition written by some great man.', '', '0000-00-00', '0000-00-00', ''),
(179, 2, 'Piano composition ?77 chapter 7', 'Piano composition written by some great man.', '', '0000-00-00', '0000-00-00', ''),
(180, 2, 'Piano composition ?77 chapter 7', 'Piano composition written by some great man.', '', '0000-00-00', '0000-00-00', ''),
(181, 2, 'Piano composition ?77 chapter 7', 'Piano composition written by some great man.', '', '0000-00-00', '0000-00-00', ''),
(182, 2, 'Piano composition ?77 chapter 7', 'Piano composition written by some great man.', '', '0000-00-00', '0000-00-00', ''),
(183, 2, 'Piano composition ?77 chapter 7', 'Piano composition written by some great man.', '', '0000-00-00', '0000-00-00', ''),
(184, 2, 'Piano composition ?77 chapter 7', 'Piano composition written by some great man.', '', '0000-00-00', '0000-00-00', ''),
(185, 2, 'Piano composition ?77 chapter 7', 'Piano composition written by some great man.', '', '0000-00-00', '0000-00-00', ''),
(186, 2, 'Piano composition ?77 chapter 7', 'Piano composition written by some great man.', '', '0000-00-00', '0000-00-00', ''),
(187, 2, 'Piano composition ?77 chapter 7', 'Piano composition written by some great man.', '', '0000-00-00', '0000-00-00', ''),
(188, 2, 'Piano composition ?77 chapter 7', 'Piano composition written by some great man.', '', '0000-00-00', '0000-00-00', ''),
(189, 2, 'Piano composition ?77 chapter 7', 'Piano composition written by some great man.', '', '0000-00-00', '0000-00-00', ''),
(190, 2, 'Piano composition ?77 chapter 7', 'Piano composition written by some great man.', '', '0000-00-00', '0000-00-00', ''),
(191, 2, 'Piano composition ?77 chapter 7', 'Piano composition written by some great man.', '', '0000-00-00', '0000-00-00', ''),
(192, 2, 'Piano composition ?77 chapter 7', 'Piano composition written by some great man.', '', '0000-00-00', '0000-00-00', ''),
(193, 2, 'Piano composition ?77 chapter 7', 'Piano composition written by some great man.', '', '0000-00-00', '0000-00-00', ''),
(194, 2, 'Piano composition ?77 chapter 7', 'Piano composition written by some great man.', '', '0000-00-00', '0000-00-00', ''),
(195, 2, 'Piano composition ?77 chapter 7', 'Piano composition written by some great man.', '', '0000-00-00', '0000-00-00', ''),
(196, 2, 'Piano composition ?77 chapter 7', 'Piano composition written by some great man.', '', '0000-00-00', '0000-00-00', ''),
(197, 2, 'Piano composition ?77 chapter 7', 'Piano composition written by some great man.', '', '0000-00-00', '0000-00-00', ''),
(198, 2, 'Piano composition ?77 chapter 7', 'Piano composition written by some great man.', '', '0000-00-00', '0000-00-00', ''),
(199, 2, 'Piano composition ?77 chapter 7', 'Piano composition written by some great man.', '', '0000-00-00', '0000-00-00', ''),
(200, 2, 'Piano composition ?77 chapter 7', 'Piano composition written by some great man.', '', '0000-00-00', '0000-00-00', ''),
(201, 2, 'Piano composition ?77 chapter 7', 'Piano composition written by some great man.', '', '0000-00-00', '0000-00-00', ''),
(202, 2, 'Piano composition ?77 chapter 7', 'Piano composition written by some great man.', '', '0000-00-00', '0000-00-00', ''),
(203, 2, 'Piano composition ?77 chapter 7', 'Piano composition written by some great man.', '', '0000-00-00', '0000-00-00', ''),
(204, 2, 'Piano composition ?77 chapter 7', 'Piano composition written by some great man.', '', '0000-00-00', '0000-00-00', ''),
(205, 2, 'Piano composition ?77 chapter 7', 'Piano composition written by some great man.', '', '0000-00-00', '0000-00-00', ''),
(206, 2, 'Piano composition ?77 chapter 7', 'Piano composition written by some great man.', '', '0000-00-00', '0000-00-00', ''),
(207, 2, 'Piano composition ?77 chapter 7', 'Piano composition written by some great man.', '', '0000-00-00', '0000-00-00', ''),
(208, 2, 'Piano composition ?77 chapter 7', 'Piano composition written by some great man.', '', '0000-00-00', '0000-00-00', ''),
(209, 2, 'Piano composition ?77 chapter 7', 'Piano composition written by some great man.', '', '0000-00-00', '0000-00-00', ''),
(210, 2, 'Piano composition ?77 chapter 7', 'Piano composition written by some great man.', '', '0000-00-00', '0000-00-00', ''),
(211, 2, 'Piano composition ?77 chapter 7', 'Piano composition written by some great man.', '', '0000-00-00', '0000-00-00', ''),
(212, 2, 'Piano composition ?77 chapter 7', 'Piano composition written by some great man.', '', '0000-00-00', '0000-00-00', ''),
(213, 2, 'Piano composition ?77 chapter 7', 'Piano composition written by some great man.', '', '0000-00-00', '0000-00-00', ''),
(214, 2, 'Piano composition ?77 chapter 7', 'Piano composition written by some great man.', '', '0000-00-00', '0000-00-00', ''),
(215, 2, 'Piano composition ?77 chapter 7', 'Piano composition written by some great man.', '', '0000-00-00', '0000-00-00', ''),
(216, 2, 'Piano composition ?77 chapter 7', 'Piano composition written by some great man.', '', '0000-00-00', '0000-00-00', ''),
(217, 2, 'Piano composition ?77 chapter 7', 'Piano composition written by some great man.', '', '0000-00-00', '0000-00-00', ''),
(218, 2, 'Piano composition ?77 chapter 7', 'Piano composition written by some great man.', '', '0000-00-00', '0000-00-00', ''),
(219, 2, 'Piano composition ?77 chapter 7', 'Piano composition written by some great man.', '', '0000-00-00', '0000-00-00', ''),
(220, 2, 'Piano composition ?77 chapter 7', 'Piano composition written by some great man.', '', '0000-00-00', '0000-00-00', ''),
(221, 2, 'Piano composition ?77 chapter 7', 'Piano composition written by some great man.', '', '0000-00-00', '0000-00-00', ''),
(222, 2, 'Piano composition ?77 chapter 7', 'Piano composition written by some great man.', '', '0000-00-00', '0000-00-00', ''),
(223, 2, 'Piano composition ?77 chapter 7', 'Piano composition written by some great man.', '', '0000-00-00', '0000-00-00', ''),
(224, 2, 'Piano composition ?77 chapter 7', 'Piano composition written by some great man.', '', '0000-00-00', '0000-00-00', ''),
(225, 2, 'Piano composition ?77 chapter 7', 'Piano composition written by some great man.', '', '0000-00-00', '0000-00-00', ''),
(226, 2, 'Piano composition ?77 chapter 7', 'Piano composition written by some great man.', '', '0000-00-00', '0000-00-00', ''),
(227, 2, 'Piano composition ?77 chapter 7', 'Piano composition written by some great man.', '', '0000-00-00', '0000-00-00', ''),
(228, 2, 'Piano composition ?77 chapter 7', 'Piano composition written by some great man.', '', '0000-00-00', '0000-00-00', ''),
(229, 2, 'Piano composition ?77 chapter 7', 'Piano composition written by some great man.', '', '0000-00-00', '0000-00-00', ''),
(230, 2, 'Piano composition ?77 chapter 7', 'Piano composition written by some great man.', '', '0000-00-00', '0000-00-00', ''),
(231, 2, 'Piano composition ?77 chapter 7', 'Piano composition written by some great man.', '', '0000-00-00', '0000-00-00', ''),
(232, 2, 'Piano composition ?77 chapter 7', 'Piano composition written by some great man.', '', '0000-00-00', '0000-00-00', ''),
(233, 2, 'Piano composition ?77 chapter 7', 'Piano composition written by some great man.', '', '0000-00-00', '0000-00-00', ''),
(234, 2, 'Piano composition ?77 chapter 7', 'Piano composition written by some great man.', '', '0000-00-00', '0000-00-00', ''),
(235, 2, 'Piano composition ?77 chapter 7', 'Piano composition written by some great man.', '', '0000-00-00', '0000-00-00', ''),
(236, 2, 'Piano composition ?77 chapter 7', 'Piano composition written by some great man.', '', '0000-00-00', '0000-00-00', ''),
(237, 2, 'Piano composition ?77 chapter 7', 'Piano composition written by some great man.', '', '0000-00-00', '0000-00-00', ''),
(238, 2, 'Piano composition ?77 chapter 7', 'Piano composition written by some great man.', '', '0000-00-00', '0000-00-00', ''),
(239, 2, 'Piano composition ?77 chapter 7', 'Piano composition written by some great man.', '', '0000-00-00', '0000-00-00', ''),
(240, 2, 'Piano composition ?77 chapter 7', 'Piano composition written by some great man.', '', '0000-00-00', '0000-00-00', ''),
(241, 2, 'Piano composition ?77 chapter 7', 'Piano composition written by some great man.', '', '0000-00-00', '0000-00-00', ''),
(242, 2, 'Piano composition ?77 chapter 7', 'Piano composition written by some great man.', '', '0000-00-00', '0000-00-00', ''),
(243, 2, 'Piano composition ?77 chapter 7', 'Piano composition written by some great man.', '', '0000-00-00', '0000-00-00', ''),
(244, 2, 'Piano composition ?77 chapter 7', 'Piano composition written by some great man.', '', '0000-00-00', '0000-00-00', ''),
(245, 2, 'Piano composition ?77 chapter 7', 'Piano composition written by some great man.', '', '0000-00-00', '0000-00-00', ''),
(246, 2, 'Piano composition ?77 chapter 7', 'Piano composition written by some great man.', '', '0000-00-00', '0000-00-00', ''),
(247, 2, 'Piano composition ?77 chapter 7', 'Piano composition written by some great man.', '', '0000-00-00', '0000-00-00', ''),
(248, 2, 'Piano composition ?77 chapter 7', 'Piano composition written by some great man.', '', '0000-00-00', '0000-00-00', ''),
(249, 2, 'Piano composition ?77 chapter 7', 'Piano composition written by some great man.', '', '0000-00-00', '0000-00-00', ''),
(250, 2, 'Piano composition ?77 chapter 7', 'Piano composition written by some great man.', '', '0000-00-00', '0000-00-00', ''),
(251, 2, 'Piano composition ?77 chapter 7', 'Piano composition written by some great man.', '', '0000-00-00', '0000-00-00', ''),
(252, 2, 'Piano composition ?77 chapter 7', 'Piano composition written by some great man.', '', '0000-00-00', '0000-00-00', ''),
(253, 2, 'Piano composition ?77 chapter 7', 'Piano composition written by some great man.', '', '0000-00-00', '0000-00-00', ''),
(254, 2, 'Piano composition ?77 chapter 7', 'Piano composition written by some great man.', '', '0000-00-00', '0000-00-00', ''),
(255, 2, 'Piano composition ?77 chapter 7', 'Piano composition written by some great man.', '', '0000-00-00', '0000-00-00', ''),
(256, 2, 'Piano composition ?77 chapter 7', 'Piano composition written by some great man.', '', '0000-00-00', '0000-00-00', ''),
(257, 2, 'Piano composition ?77 chapter 7', 'Piano composition written by some great man.', '', '0000-00-00', '0000-00-00', ''),
(258, 2, 'Piano composition ?77 chapter 7', 'Piano composition written by some great man.', '', '0000-00-00', '0000-00-00', ''),
(259, 2, 'Piano composition ?77 chapter 7', 'Piano composition written by some great man.', '', '0000-00-00', '0000-00-00', ''),
(260, 2, 'Piano composition ?77 chapter 7', 'Piano composition written by some great man.', '', '0000-00-00', '0000-00-00', ''),
(261, 2, 'Piano composition ?77 chapter 7', 'Piano composition written by some great man.', '', '0000-00-00', '0000-00-00', ''),
(262, 2, 'Piano composition ?77 chapter 7', 'Piano composition written by some great man.', '', '0000-00-00', '0000-00-00', ''),
(263, 2, 'Piano composition ?77 chapter 7', 'Piano composition written by some great man.', '', '0000-00-00', '0000-00-00', ''),
(264, 2, 'Piano composition ?77 chapter 7', 'Piano composition written by some great man.', '', '0000-00-00', '0000-00-00', ''),
(265, 2, 'Piano composition ?77 chapter 7', 'Piano composition written by some great man.', '', '0000-00-00', '0000-00-00', ''),
(266, 2, 'Piano composition ?77 chapter 7', 'Piano composition written by some great man.', '', '0000-00-00', '0000-00-00', ''),
(267, 2, 'Piano composition ?77 chapter 7', 'Piano composition written by some great man.', '', '0000-00-00', '0000-00-00', ''),
(268, 2, 'Piano composition ?77 chapter 7', 'Piano composition written by some great man.', '', '0000-00-00', '0000-00-00', ''),
(269, 2, 'Piano composition ?77 chapter 7', 'Piano composition written by some great man.', '', '0000-00-00', '0000-00-00', ''),
(270, 2, 'Piano composition ?77 chapter 7', 'Piano composition written by some great man.', '', '0000-00-00', '0000-00-00', ''),
(271, 2, 'Piano composition ?77 chapter 7', 'Piano composition written by some great man.', '', '0000-00-00', '0000-00-00', ''),
(272, 2, 'Piano composition ?77 chapter 7', 'Piano composition written by some great man.', '', '0000-00-00', '0000-00-00', ''),
(273, 2, 'Piano composition ?77 chapter 7', 'Piano composition written by some great man.', '', '0000-00-00', '0000-00-00', ''),
(274, 2, 'Piano composition ?77 chapter 7', 'Piano composition written by some great man.', '', '0000-00-00', '0000-00-00', ''),
(275, 2, 'Piano composition ?77 chapter 7', 'Piano composition written by some great man.', '', '0000-00-00', '0000-00-00', ''),
(276, 2, 'Piano composition ?77 chapter 7', 'Piano composition written by some great man.', '', '0000-00-00', '0000-00-00', ''),
(277, 2, 'Piano composition ?77 chapter 7', 'Piano composition written by some great man.', '', '0000-00-00', '0000-00-00', ''),
(278, 2, 'Piano composition ?77 chapter 7', 'Piano composition written by some great man.', '', '0000-00-00', '0000-00-00', ''),
(279, 2, 'Piano composition ?77 chapter 7', 'Piano composition written by some great man.', '', '0000-00-00', '0000-00-00', ''),
(280, 2, 'Piano composition ?77 chapter 7', 'Piano composition written by some great man.', '', '0000-00-00', '0000-00-00', ''),
(281, 2, 'Piano composition ?77 chapter 7', 'Piano composition written by some great man.', '', '0000-00-00', '0000-00-00', ''),
(282, 2, 'Piano composition ?77 chapter 7', 'Piano composition written by some great man.', '', '0000-00-00', '0000-00-00', ''),
(283, 2, 'Piano composition ?77 chapter 7', 'Piano composition written by some great man.', '', '0000-00-00', '0000-00-00', ''),
(284, 2, 'Piano composition ?77 chapter 7', 'Piano composition written by some great man.', '', '0000-00-00', '0000-00-00', ''),
(285, 2, 'Piano composition ?77 chapter 7', 'Piano composition written by some great man.', '', '0000-00-00', '0000-00-00', ''),
(286, 2, 'Piano composition ?77 chapter 7', 'Piano composition written by some great man.', '', '0000-00-00', '0000-00-00', ''),
(287, 2, 'Piano composition ?77 chapter 7', 'Piano composition written by some great man.', '', '0000-00-00', '0000-00-00', ''),
(288, 2, 'Piano composition ?77 chapter 7', 'Piano composition written by some great man.', '', '0000-00-00', '0000-00-00', ''),
(289, 2, 'Piano composition ?77 chapter 7', 'Piano composition written by some great man.', '', '0000-00-00', '0000-00-00', ''),
(290, 2, 'Piano composition ?77 chapter 7', 'Piano composition written by some great man.', '', '0000-00-00', '0000-00-00', ''),
(291, 2, 'Piano composition ?77 chapter 7', 'Piano composition written by some great man.', '', '0000-00-00', '0000-00-00', ''),
(292, 2, 'Piano composition ?77 chapter 7', 'Piano composition written by some great man.', '', '0000-00-00', '0000-00-00', ''),
(293, 2, 'Piano composition ?77 chapter 7', 'Piano composition written by some great man.', '', '0000-00-00', '0000-00-00', ''),
(294, 2, 'Piano composition ?77 chapter 7', 'Piano composition written by some great man.', '', '0000-00-00', '0000-00-00', ''),
(295, 2, 'Piano composition ?77 chapter 7', 'Piano composition written by some great man.', '', '0000-00-00', '0000-00-00', ''),
(296, 2, 'Piano composition ?77 chapter 7', 'Piano composition written by some great man.', '', '0000-00-00', '0000-00-00', ''),
(297, 2, 'Piano composition ?77 chapter 7', 'Piano composition written by some great man.', '', '0000-00-00', '0000-00-00', ''),
(298, 2, 'Piano composition ?77 chapter 7', 'Piano composition written by some great man.', '', '0000-00-00', '0000-00-00', ''),
(299, 2, 'Piano composition ?77 chapter 7', 'Piano composition written by some great man.', '', '0000-00-00', '0000-00-00', ''),
(300, 2, 'Piano composition ?77 chapter 7', 'Piano composition written by some great man.', '', '0000-00-00', '0000-00-00', ''),
(301, 2, 'Piano composition ?77 chapter 7', 'Piano composition written by some great man.', '', '0000-00-00', '0000-00-00', ''),
(302, 2, 'Piano composition ?77 chapter 7', 'Piano composition written by some great man.', '', '0000-00-00', '0000-00-00', ''),
(303, 2, 'Piano composition ?77 chapter 7', 'Piano composition written by some great man.', '', '0000-00-00', '0000-00-00', ''),
(304, 2, 'Piano composition ?77 chapter 7', 'Piano composition written by some great man.', '', '0000-00-00', '0000-00-00', ''),
(305, 2, 'Piano composition ?77 chapter 7', 'Piano composition written by some great man.', '', '0000-00-00', '0000-00-00', ''),
(306, 2, 'Piano composition ?77 chapter 7', 'Piano composition written by some great man.', '', '0000-00-00', '0000-00-00', ''),
(307, 2, 'Piano composition ?77 chapter 7', 'Piano composition written by some great man.', '', '0000-00-00', '0000-00-00', ''),
(308, 2, 'Piano composition ?77 chapter 7', 'Piano composition written by some great man.', '', '0000-00-00', '0000-00-00', ''),
(309, 2, 'Piano composition ?77 chapter 7', 'Piano composition written by some great man.', '', '0000-00-00', '0000-00-00', ''),
(310, 2, 'Piano composition ?77 chapter 7', 'Piano composition written by some great man.', '', '0000-00-00', '0000-00-00', ''),
(311, 2, 'Piano composition ?77 chapter 7', 'Piano composition written by some great man.', '', '0000-00-00', '0000-00-00', ''),
(312, 2, 'Piano composition ?77 chapter 7', 'Piano composition written by some great man.', '', '0000-00-00', '0000-00-00', ''),
(313, 2, 'Piano composition ?77 chapter 7', 'Piano composition written by some great man.', '', '0000-00-00', '0000-00-00', ''),
(314, 2, 'Piano composition ?77 chapter 7', 'Piano composition written by some great man.', '', '0000-00-00', '0000-00-00', ''),
(315, 2, 'Piano composition ?77 chapter 7', 'Piano composition written by some great man.', '', '0000-00-00', '0000-00-00', ''),
(316, 2, 'Piano composition ?77 chapter 7', 'Piano composition written by some great man.', '', '0000-00-00', '0000-00-00', ''),
(317, 2, 'Piano composition ?77 chapter 7', 'Piano composition written by some great man.', '', '0000-00-00', '0000-00-00', ''),
(318, 2, 'Piano composition ?77 chapter 7', 'Piano composition written by some great man.', '', '0000-00-00', '0000-00-00', ''),
(319, 2, 'Piano composition ?77 chapter 7', 'Piano composition written by some great man.', '', '0000-00-00', '0000-00-00', ''),
(320, 2, 'Piano composition ?77 chapter 7', 'Piano composition written by some great man.', '', '0000-00-00', '0000-00-00', ''),
(321, 2, 'Piano composition ?77 chapter 7', 'Piano composition written by some great man.', '', '0000-00-00', '0000-00-00', ''),
(322, 2, 'Piano composition ?77 chapter 7', 'Piano composition written by some great man.', '', '0000-00-00', '0000-00-00', ''),
(323, 2, 'Piano composition ?77 chapter 7', 'Piano composition written by some great man.', '', '0000-00-00', '0000-00-00', ''),
(324, 2, 'Piano composition ?77 chapter 7', 'Piano composition written by some great man.', '', '0000-00-00', '0000-00-00', ''),
(325, 2, 'Piano composition ?77 chapter 7', 'Piano composition written by some great man.', '', '0000-00-00', '0000-00-00', ''),
(326, 2, 'Piano composition ?77 chapter 7', 'Piano composition written by some great man.', '', '0000-00-00', '0000-00-00', ''),
(327, 2, 'Piano composition ?77 chapter 7', 'Piano composition written by some great man.', '', '0000-00-00', '0000-00-00', ''),
(328, 2, 'Piano composition ?77 chapter 7', 'Piano composition written by some great man.', '', '0000-00-00', '0000-00-00', ''),
(329, 2, 'Piano composition ?77 chapter 7', 'Piano composition written by some great man.', '', '0000-00-00', '0000-00-00', ''),
(330, 2, 'Piano composition ?77 chapter 7', 'Piano composition written by some great man.', '', '0000-00-00', '0000-00-00', ''),
(331, 2, 'Piano composition ?77 chapter 7', 'Piano composition written by some great man.', '', '0000-00-00', '0000-00-00', ''),
(332, 2, 'Piano composition ?77 chapter 7', 'Piano composition written by some great man.', '', '0000-00-00', '0000-00-00', ''),
(333, 2, 'Piano composition ?77 chapter 7', 'Piano composition written by some great man.', '', '0000-00-00', '0000-00-00', ''),
(334, 2, 'Piano composition ?77 chapter 7', 'Piano composition written by some great man.', '', '0000-00-00', '0000-00-00', ''),
(335, 2, 'Piano composition ?77 chapter 7', 'Piano composition written by some great man.', '', '0000-00-00', '0000-00-00', ''),
(336, 2, 'Piano composition ?77 chapter 7', 'Piano composition written by some great man.', '', '0000-00-00', '0000-00-00', ''),
(337, 2, 'Piano composition ?77 chapter 7', 'Piano composition written by some great man.', '', '0000-00-00', '0000-00-00', ''),
(338, 2, 'Piano composition ?77 chapter 7', 'Piano composition written by some great man.', '', '0000-00-00', '0000-00-00', ''),
(339, 2, 'Piano composition ?77 chapter 7', 'Piano composition written by some great man.', '', '0000-00-00', '0000-00-00', ''),
(340, 2, 'Piano composition ?77 chapter 7', 'Piano composition written by some great man.', '', '0000-00-00', '0000-00-00', ''),
(341, 2, 'Piano composition ?77 chapter 7', 'Piano composition written by some great man.', '', '0000-00-00', '0000-00-00', ''),
(342, 2, 'Piano composition ?77 chapter 7', 'Piano composition written by some great man.', '', '0000-00-00', '0000-00-00', ''),
(343, 2, 'Piano composition ?77 chapter 7', 'Piano composition written by some great man.', '', '0000-00-00', '0000-00-00', ''),
(344, 2, 'Piano composition ?77 chapter 7', 'Piano composition written by some great man.', '', '0000-00-00', '0000-00-00', ''),
(345, 2, 'Piano composition ?77 chapter 7', 'Piano composition written by some great man.', '', '0000-00-00', '0000-00-00', ''),
(346, 2, 'Piano composition ?77 chapter 7', 'Piano composition written by some great man.', '', '0000-00-00', '0000-00-00', ''),
(347, 2, 'Piano composition ?77 chapter 7', 'Piano composition written by some great man.', '', '0000-00-00', '0000-00-00', ''),
(348, 2, 'Piano composition ?77 chapter 7', 'Piano composition written by some great man.', '', '0000-00-00', '0000-00-00', ''),
(349, 2, 'Piano composition ?77 chapter 7', 'Piano composition written by some great man.', '', '0000-00-00', '0000-00-00', ''),
(350, 2, 'Piano composition ?77 chapter 7', 'Piano composition written by some great man.', '', '0000-00-00', '0000-00-00', ''),
(351, 2, 'Piano composition ?77 chapter 7', 'Piano composition written by some great man.', '', '0000-00-00', '0000-00-00', ''),
(352, 2, 'Piano composition ?77 chapter 7', 'Piano composition written by some great man.', '', '0000-00-00', '0000-00-00', ''),
(353, 2, 'Piano composition ?77 chapter 7', 'Piano composition written by some great man.', '', '0000-00-00', '0000-00-00', ''),
(354, 2, 'Piano composition ?77 chapter 7', 'Piano composition written by some great man.', '', '0000-00-00', '0000-00-00', ''),
(355, 2, 'Piano composition ?77 chapter 7', 'Piano composition written by some great man.', '', '0000-00-00', '0000-00-00', ''),
(356, 2, 'Piano composition ?77 chapter 7', 'Piano composition written by some great man.', '', '0000-00-00', '0000-00-00', ''),
(357, 2, 'Piano composition ?77 chapter 7', 'Piano composition written by some great man.', '', '0000-00-00', '0000-00-00', ''),
(358, 2, 'Piano composition ?77 chapter 7', 'Piano composition written by some great man.', '', '0000-00-00', '0000-00-00', ''),
(359, 2, 'Piano composition ?77 chapter 7', 'Piano composition written by some great man.', '', '0000-00-00', '0000-00-00', ''),
(360, 2, 'Piano composition ?77 chapter 7', 'Piano composition written by some great man.', '', '0000-00-00', '0000-00-00', ''),
(361, 2, 'Piano composition ?77 chapter 7', 'Piano composition written by some great man.', '', '0000-00-00', '0000-00-00', ''),
(362, 2, 'Piano composition ?77 chapter 7', 'Piano composition written by some great man.', '', '0000-00-00', '0000-00-00', ''),
(363, 2, 'Piano composition ?77 chapter 7', 'Piano composition written by some great man.', '', '0000-00-00', '0000-00-00', ''),
(364, 2, 'Piano composition ?77 chapter 7', 'Piano composition written by some great man.', '', '0000-00-00', '0000-00-00', ''),
(365, 2, 'Piano composition ?77 chapter 7', 'Piano composition written by some great man.', '', '0000-00-00', '0000-00-00', ''),
(366, 2, 'Piano composition ?77 chapter 7', 'Piano composition written by some great man.', '', '0000-00-00', '0000-00-00', ''),
(367, 2, 'Piano composition ?77 chapter 7', 'Piano composition written by some great man.', '', '0000-00-00', '0000-00-00', ''),
(368, 2, 'Piano composition ?77 chapter 7', 'Piano composition written by some great man.', '', '0000-00-00', '0000-00-00', ''),
(369, 2, 'Piano composition ?77 chapter 7', 'Piano composition written by some great man.', '', '0000-00-00', '0000-00-00', ''),
(370, 2, 'Piano composition ?77 chapter 7', 'Piano composition written by some great man.', '', '0000-00-00', '0000-00-00', ''),
(371, 2, 'Piano composition ?77 chapter 7', 'Piano composition written by some great man.', '', '0000-00-00', '0000-00-00', ''),
(372, 2, 'Piano composition ?77 chapter 7', 'Piano composition written by some great man.', '', '0000-00-00', '0000-00-00', ''),
(373, 2, 'Piano composition ?77 chapter 7', 'Piano composition written by some great man.', '', '0000-00-00', '0000-00-00', ''),
(374, 2, 'Piano composition ?77 chapter 7', 'Piano composition written by some great man.', '', '0000-00-00', '0000-00-00', ''),
(375, 2, 'Piano composition ?77 chapter 7', 'Piano composition written by some great man.', '', '0000-00-00', '0000-00-00', ''),
(376, 2, 'Piano composition ?77 chapter 7', 'Piano composition written by some great man.', '', '0000-00-00', '0000-00-00', ''),
(377, 2, 'Piano composition ?77 chapter 7', 'Piano composition written by some great man.', '', '0000-00-00', '0000-00-00', ''),
(378, 2, 'Piano composition ?77 chapter 7', 'Piano composition written by some great man.', '', '0000-00-00', '0000-00-00', ''),
(379, 2, 'Piano composition ?77 chapter 7', 'Piano composition written by some great man.', '', '0000-00-00', '0000-00-00', ''),
(380, 2, 'Piano composition ?77 chapter 7', 'Piano composition written by some great man.', '', '0000-00-00', '0000-00-00', ''),
(381, 2, 'Piano composition ?77 chapter 7', 'Piano composition written by some great man.', '', '0000-00-00', '0000-00-00', ''),
(382, 2, 'Piano composition ?77 chapter 7', 'Piano composition written by some great man.', '', '0000-00-00', '0000-00-00', ''),
(383, 2, 'Piano composition ?77 chapter 7', 'Piano composition written by some great man.', '', '0000-00-00', '0000-00-00', ''),
(384, 2, 'Piano composition ?77 chapter 7', 'Piano composition written by some great man.', '', '0000-00-00', '0000-00-00', ''),
(385, 2, 'Piano composition ?77 chapter 7', 'Piano composition written by some great man.', '', '0000-00-00', '0000-00-00', ''),
(386, 2, 'Piano composition ?77 chapter 7', 'Piano composition written by some great man.', '', '0000-00-00', '0000-00-00', ''),
(387, 2, 'Piano composition ?77 chapter 7', 'Piano composition written by some great man.', '', '0000-00-00', '0000-00-00', ''),
(388, 2, 'Piano composition ?77 chapter 7', 'Piano composition written by some great man.', '', '0000-00-00', '0000-00-00', ''),
(389, 2, 'Piano composition ?77 chapter 7', 'Piano composition written by some great man.', '', '0000-00-00', '0000-00-00', ''),
(390, 2, 'Piano composition ?77 chapter 7', 'Piano composition written by some great man.', '', '0000-00-00', '0000-00-00', ''),
(391, 2, 'Piano composition ?77 chapter 7', 'Piano composition written by some great man.', '', '0000-00-00', '0000-00-00', ''),
(392, 2, 'Piano composition ?77 chapter 7', 'Piano composition written by some great man.', '', '0000-00-00', '0000-00-00', '');
INSERT INTO `compositions` (`id`, `author_id`, `name`, `description`, `url`, `published`, `created`, `tags`) VALUES
(393, 2, 'Piano composition ?77 chapter 7', 'Piano composition written by some great man.', '', '0000-00-00', '0000-00-00', ''),
(394, 2, 'Piano composition ?77 chapter 7', 'Piano composition written by some great man.', '', '0000-00-00', '0000-00-00', ''),
(395, 2, 'Piano composition ?77 chapter 7', 'Piano composition written by some great man.', '', '0000-00-00', '0000-00-00', ''),
(396, 2, 'Piano composition ?77 chapter 7', 'Piano composition written by some great man.', '', '0000-00-00', '0000-00-00', ''),
(397, 2, 'Piano composition ?77 chapter 7', 'Piano composition written by some great man.', '', '0000-00-00', '0000-00-00', ''),
(398, 2, 'Piano composition ?77 chapter 7', 'Piano composition written by some great man.', '', '0000-00-00', '0000-00-00', ''),
(399, 2, 'Piano composition ?77 chapter 7', 'Piano composition written by some great man.', '', '0000-00-00', '0000-00-00', ''),
(400, 2, 'Piano composition ?77 chapter 7', 'Piano composition written by some great man.', '', '0000-00-00', '0000-00-00', ''),
(401, 2, 'Piano composition ?77 chapter 7', 'Piano composition written by some great man.', '', '0000-00-00', '0000-00-00', ''),
(402, 2, 'Piano composition ?77 chapter 7', 'Piano composition written by some great man.', '', '0000-00-00', '0000-00-00', ''),
(403, 2, 'Piano composition ?77 chapter 7', 'Piano composition written by some great man.', '', '0000-00-00', '0000-00-00', ''),
(404, 2, 'Piano composition ?77 chapter 7', 'Piano composition written by some great man.', '', '0000-00-00', '0000-00-00', ''),
(405, 2, 'Piano composition ?77 chapter 7', 'Piano composition written by some great man.', '', '0000-00-00', '0000-00-00', ''),
(406, 2, 'Piano composition ?77 chapter 7', 'Piano composition written by some great man.', '', '0000-00-00', '0000-00-00', ''),
(407, 2, 'Piano composition ?77 chapter 7', 'Piano composition written by some great man.', '', '0000-00-00', '0000-00-00', ''),
(408, 2, 'Piano composition ?77 chapter 7', 'Piano composition written by some great man.', '', '0000-00-00', '0000-00-00', ''),
(409, 2, 'Piano composition ?77 chapter 7', 'Piano composition written by some great man.', '', '0000-00-00', '0000-00-00', ''),
(410, 2, 'Piano composition ?77 chapter 7', 'Piano composition written by some great man.', '', '0000-00-00', '0000-00-00', ''),
(411, 2, 'Piano composition ?77 chapter 7', 'Piano composition written by some great man.', '', '0000-00-00', '0000-00-00', ''),
(412, 2, 'Piano composition ?77 chapter 7', 'Piano composition written by some great man.', '', '0000-00-00', '0000-00-00', ''),
(413, 2, 'Piano composition ?77 chapter 7', 'Piano composition written by some great man.', '', '0000-00-00', '0000-00-00', ''),
(414, 2, 'Piano composition ?77 chapter 7', 'Piano composition written by some great man.', '', '0000-00-00', '0000-00-00', ''),
(415, 2, 'Piano composition ?77 chapter 7', 'Piano composition written by some great man.', '', '0000-00-00', '0000-00-00', ''),
(416, 2, 'Piano composition ?77 chapter 7', 'Piano composition written by some great man.', '', '0000-00-00', '0000-00-00', ''),
(417, 2, 'Piano composition ?77 chapter 7', 'Piano composition written by some great man.', '', '0000-00-00', '0000-00-00', ''),
(418, 2, 'Piano composition ?77 chapter 7', 'Piano composition written by some great man.', '', '0000-00-00', '0000-00-00', ''),
(419, 2, 'Piano composition ?77 chapter 7', 'Piano composition written by some great man.', '', '0000-00-00', '0000-00-00', ''),
(420, 2, 'Piano composition ?77 chapter 7', 'Piano composition written by some great man.', '', '0000-00-00', '0000-00-00', ''),
(421, 2, 'Piano composition ?77 chapter 7', 'Piano composition written by some great man.', '', '0000-00-00', '0000-00-00', ''),
(422, 2, 'Piano composition ?77 chapter 7', 'Piano composition written by some great man.', '', '0000-00-00', '0000-00-00', ''),
(423, 2, 'Piano composition ?77 chapter 7', 'Piano composition written by some great man.', '', '0000-00-00', '0000-00-00', ''),
(424, 2, 'Piano composition ?77 chapter 7', 'Piano composition written by some great man.', '', '0000-00-00', '0000-00-00', ''),
(425, 2, 'Piano composition ?77 chapter 7', 'Piano composition written by some great man.', '', '0000-00-00', '0000-00-00', ''),
(426, 2, 'Piano composition ?77 chapter 7', 'Piano composition written by some great man.', '', '0000-00-00', '0000-00-00', ''),
(427, 2, 'Piano composition ?77 chapter 7', 'Piano composition written by some great man.', '', '0000-00-00', '0000-00-00', ''),
(428, 2, 'Piano composition ?77 chapter 7', 'Piano composition written by some great man.', '', '0000-00-00', '0000-00-00', ''),
(429, 2, 'Piano composition ?77 chapter 7', 'Piano composition written by some great man.', '', '0000-00-00', '0000-00-00', ''),
(430, 2, 'Piano composition ?77 chapter 7', 'Piano composition written by some great man.', '', '0000-00-00', '0000-00-00', ''),
(431, 2, 'Piano composition ?77 chapter 7', 'Piano composition written by some great man.', '', '0000-00-00', '0000-00-00', ''),
(432, 2, 'Piano composition ?77 chapter 7', 'Piano composition written by some great man.', '', '0000-00-00', '0000-00-00', ''),
(433, 2, 'Piano composition ?77 chapter 7', 'Piano composition written by some great man.', '', '0000-00-00', '0000-00-00', ''),
(434, 2, 'Piano composition ?77 chapter 7', 'Piano composition written by some great man.', '', '0000-00-00', '0000-00-00', ''),
(435, 2, 'Piano composition ?77 chapter 7', 'Piano composition written by some great man.', '', '0000-00-00', '0000-00-00', ''),
(436, 2, 'Piano composition ?77 chapter 7', 'Piano composition written by some great man.', '', '0000-00-00', '0000-00-00', ''),
(437, 2, 'Piano composition ?77 chapter 7', 'Piano composition written by some great man.', '', '0000-00-00', '0000-00-00', ''),
(438, 2, 'Piano composition ?77 chapter 7', 'Piano composition written by some great man.', '', '0000-00-00', '0000-00-00', ''),
(439, 2, 'Piano composition ?77 chapter 7', 'Piano composition written by some great man.', '', '0000-00-00', '0000-00-00', ''),
(440, 2, 'Piano composition ?77 chapter 7', 'Piano composition written by some great man.', '', '0000-00-00', '0000-00-00', ''),
(441, 2, 'Piano composition ?77 chapter 7', 'Piano composition written by some great man.', '', '0000-00-00', '0000-00-00', ''),
(442, 2, 'Piano composition ?77 chapter 7', 'Piano composition written by some great man.', '', '0000-00-00', '0000-00-00', ''),
(443, 2, 'Piano composition ?77 chapter 7', 'Piano composition written by some great man.', '', '0000-00-00', '0000-00-00', ''),
(444, 2, 'Piano composition ?77 chapter 7', 'Piano composition written by some great man.', '', '0000-00-00', '0000-00-00', ''),
(445, 2, 'Piano composition ?77 chapter 7', 'Piano composition written by some great man.', '', '0000-00-00', '0000-00-00', ''),
(446, 2, 'Piano composition ?77 chapter 7', 'Piano composition written by some great man.', '', '0000-00-00', '0000-00-00', ''),
(447, 2, 'Piano composition ?77 chapter 7', 'Piano composition written by some great man.', '', '0000-00-00', '0000-00-00', ''),
(448, 2, 'Piano composition ?77 chapter 7', 'Piano composition written by some great man.', '', '0000-00-00', '0000-00-00', ''),
(449, 2, 'Piano composition ?77 chapter 7', 'Piano composition written by some great man.', '', '0000-00-00', '0000-00-00', ''),
(450, 2, 'Piano composition ?77 chapter 7', 'Piano composition written by some great man.', '', '0000-00-00', '0000-00-00', ''),
(451, 2, 'Piano composition ?77 chapter 7', 'Piano composition written by some great man.', '', '0000-00-00', '0000-00-00', ''),
(452, 2, 'Piano composition ?77 chapter 7', 'Piano composition written by some great man.', '', '0000-00-00', '0000-00-00', ''),
(453, 2, 'Piano composition ?77 chapter 7', 'Piano composition written by some great man.', '', '0000-00-00', '0000-00-00', ''),
(454, 2, 'Piano composition ?77 chapter 7', 'Piano composition written by some great man.', '', '0000-00-00', '0000-00-00', ''),
(455, 2, 'Piano composition ?77 chapter 7', 'Piano composition written by some great man.', '', '0000-00-00', '0000-00-00', ''),
(456, 2, 'Piano composition ?77 chapter 7', 'Piano composition written by some great man.', '', '0000-00-00', '0000-00-00', ''),
(457, 2, 'Piano composition ?77 chapter 7', 'Piano composition written by some great man.', '', '0000-00-00', '0000-00-00', ''),
(458, 2, 'Piano composition ?77 chapter 7', 'Piano composition written by some great man.', '', '0000-00-00', '0000-00-00', ''),
(459, 2, 'Piano composition ?77 chapter 7', 'Piano composition written by some great man.', '', '0000-00-00', '0000-00-00', ''),
(460, 2, 'Piano composition ?77 chapter 7', 'Piano composition written by some great man.', '', '0000-00-00', '0000-00-00', ''),
(461, 2, 'Piano composition ?77 chapter 7', 'Piano composition written by some great man.', '', '0000-00-00', '0000-00-00', ''),
(462, 2, 'Piano composition ?77 chapter 7', 'Piano composition written by some great man.', '', '0000-00-00', '0000-00-00', ''),
(463, 2, 'Piano composition ?77 chapter 7', 'Piano composition written by some great man.', '', '0000-00-00', '0000-00-00', ''),
(464, 2, 'Piano composition ?77 chapter 7', 'Piano composition written by some great man.', '', '0000-00-00', '0000-00-00', ''),
(465, 2, 'Piano composition ?77 chapter 7', 'Piano composition written by some great man.', '', '0000-00-00', '0000-00-00', ''),
(466, 2, 'Piano composition ?77 chapter 7', 'Piano composition written by some great man.', '', '0000-00-00', '0000-00-00', ''),
(467, 2, 'Piano composition ?77 chapter 7', 'Piano composition written by some great man.', '', '0000-00-00', '0000-00-00', ''),
(468, 2, 'Piano composition ?77 chapter 7', 'Piano composition written by some great man.', '', '0000-00-00', '0000-00-00', ''),
(469, 2, 'Piano composition ?77 chapter 7', 'Piano composition written by some great man.', '', '0000-00-00', '0000-00-00', ''),
(470, 2, 'Piano composition ?77 chapter 7', 'Piano composition written by some great man.', '', '0000-00-00', '0000-00-00', ''),
(471, 2, 'Piano composition ?77 chapter 7', 'Piano composition written by some great man.', '', '0000-00-00', '0000-00-00', ''),
(472, 2, 'Piano composition ?77 chapter 7', 'Piano composition written by some great man.', '', '0000-00-00', '0000-00-00', ''),
(473, 2, 'Piano composition ?77 chapter 7', 'Piano composition written by some great man.', '', '0000-00-00', '0000-00-00', ''),
(474, 2, 'Piano composition ?77 chapter 7', 'Piano composition written by some great man.', '', '0000-00-00', '0000-00-00', ''),
(475, 2, 'Piano composition ?77 chapter 7', 'Piano composition written by some great man.', '', '0000-00-00', '0000-00-00', ''),
(476, 2, 'Piano composition ?77 chapter 7', 'Piano composition written by some great man.', '', '0000-00-00', '0000-00-00', ''),
(477, 2, 'Piano composition ?77 chapter 7', 'Piano composition written by some great man.', '', '0000-00-00', '0000-00-00', ''),
(478, 2, 'Piano composition ?77 chapter 7', 'Piano composition written by some great man.', '', '0000-00-00', '0000-00-00', ''),
(479, 2, 'Piano composition ?77 chapter 7', 'Piano composition written by some great man.', '', '0000-00-00', '0000-00-00', ''),
(480, 2, 'Piano composition ?77 chapter 7', 'Piano composition written by some great man.', '', '0000-00-00', '0000-00-00', ''),
(481, 2, 'Piano composition ?77 chapter 7', 'Piano composition written by some great man.', '', '0000-00-00', '0000-00-00', ''),
(482, 2, 'Piano composition ?77 chapter 7', 'Piano composition written by some great man.', '', '0000-00-00', '0000-00-00', ''),
(483, 2, 'Piano composition ?77 chapter 7', 'Piano composition written by some great man.', '', '0000-00-00', '0000-00-00', ''),
(484, 2, 'Piano composition ?77 chapter 7', 'Piano composition written by some great man.', '', '0000-00-00', '0000-00-00', ''),
(485, 2, 'Piano composition ?77 chapter 7', 'Piano composition written by some great man.', '', '0000-00-00', '0000-00-00', ''),
(486, 2, 'Piano composition ?77 chapter 7', 'Piano composition written by some great man.', '', '0000-00-00', '0000-00-00', ''),
(487, 2, 'Piano composition ?77 chapter 7', 'Piano composition written by some great man.', '', '0000-00-00', '0000-00-00', ''),
(488, 2, 'Piano composition ?77 chapter 7', 'Piano composition written by some great man.', '', '0000-00-00', '0000-00-00', ''),
(489, 2, 'Piano composition ?77 chapter 7', 'Piano composition written by some great man.', '', '0000-00-00', '0000-00-00', ''),
(490, 2, 'Piano composition ?77 chapter 7', 'Piano composition written by some great man.', '', '0000-00-00', '0000-00-00', ''),
(491, 2, 'Piano composition ?77 chapter 7', 'Piano composition written by some great man.', '', '0000-00-00', '0000-00-00', ''),
(492, 2, 'Piano composition ?77 chapter 7', 'Piano composition written by some great man.', '', '0000-00-00', '0000-00-00', ''),
(493, 2, 'Piano composition ?77 chapter 7', 'Piano composition written by some great man.', '', '0000-00-00', '0000-00-00', ''),
(494, 2, 'Piano composition ?77 chapter 7', 'Piano composition written by some great man.', '', '0000-00-00', '0000-00-00', ''),
(495, 2, 'Piano composition ?77 chapter 7', 'Piano composition written by some great man.', '', '0000-00-00', '0000-00-00', ''),
(496, 2, 'Piano composition ?77 chapter 7', 'Piano composition written by some great man.', '', '0000-00-00', '0000-00-00', ''),
(497, 2, 'Piano composition ?77 chapter 7', 'Piano composition written by some great man.', '', '0000-00-00', '0000-00-00', ''),
(498, 2, 'Piano composition ?77 chapter 7', 'Piano composition written by some great man.', '', '0000-00-00', '0000-00-00', ''),
(499, 2, 'Piano composition ?77 chapter 7', 'Piano composition written by some great man.', '', '0000-00-00', '0000-00-00', ''),
(500, 2, 'Piano composition ?77 chapter 7', 'Piano composition written by some great man.', '', '0000-00-00', '0000-00-00', ''),
(501, 2, 'Piano composition ?77 chapter 7', 'Piano composition written by some great man.', '', '0000-00-00', '0000-00-00', ''),
(502, 2, 'Piano composition ?77 chapter 7', 'Piano composition written by some great man.', '', '0000-00-00', '0000-00-00', ''),
(503, 2, 'Piano composition ?77 chapter 7', 'Piano composition written by some great man.', '', '0000-00-00', '0000-00-00', ''),
(504, 2, 'Piano composition ?77 chapter 7', 'Piano composition written by some great man.', '', '0000-00-00', '0000-00-00', ''),
(505, 2, 'Piano composition ?77 chapter 7', 'Piano composition written by some great man.', '', '0000-00-00', '0000-00-00', ''),
(506, 2, 'Piano composition ?77 chapter 7', 'Piano composition written by some great man.', '', '0000-00-00', '0000-00-00', ''),
(507, 2, 'Piano composition ?77 chapter 7', 'Piano composition written by some great man.', '', '0000-00-00', '0000-00-00', ''),
(508, 2, 'Piano composition ?77 chapter 7', 'Piano composition written by some great man.', '', '0000-00-00', '0000-00-00', ''),
(509, 2, 'Piano composition ?77 chapter 7', 'Piano composition written by some great man.', '', '0000-00-00', '0000-00-00', ''),
(510, 2, 'Piano composition ?77 chapter 7', 'Piano composition written by some great man.', '', '0000-00-00', '0000-00-00', ''),
(511, 2, 'Piano composition ?77 chapter 7', 'Piano composition written by some great man.', '', '0000-00-00', '0000-00-00', ''),
(512, 2, 'Piano composition ?77 chapter 7', 'Piano composition written by some great man.', '', '0000-00-00', '0000-00-00', ''),
(513, 2, 'Piano composition ?77 chapter 7', 'Piano composition written by some great man.', '', '0000-00-00', '0000-00-00', ''),
(514, 2, 'Piano composition ?77 chapter 7', 'Piano composition written by some great man.', '', '0000-00-00', '0000-00-00', ''),
(515, 2, 'Piano composition ?77 chapter 7', 'Piano composition written by some great man.', '', '0000-00-00', '0000-00-00', ''),
(516, 2, 'Piano composition ?77 chapter 7', 'Piano composition written by some great man.', '', '0000-00-00', '0000-00-00', ''),
(517, 2, 'Piano composition ?77 chapter 7', 'Piano composition written by some great man.', '', '0000-00-00', '0000-00-00', ''),
(518, 2, 'Piano composition ?77 chapter 7', 'Piano composition written by some great man.', '', '0000-00-00', '0000-00-00', ''),
(519, 2, 'Piano composition ?77 chapter 7', 'Piano composition written by some great man.', '', '0000-00-00', '0000-00-00', ''),
(520, 2, 'Piano composition ?77 chapter 7', 'Piano composition written by some great man.', '', '0000-00-00', '0000-00-00', ''),
(521, 2, 'Piano composition ?77 chapter 7', 'Piano composition written by some great man.', '', '0000-00-00', '0000-00-00', ''),
(522, 2, 'Piano composition ?77 chapter 7', 'Piano composition written by some great man.', '', '0000-00-00', '0000-00-00', ''),
(523, 2, 'Piano composition ?77 chapter 7', 'Piano composition written by some great man.', '', '0000-00-00', '0000-00-00', ''),
(524, 2, 'Piano composition ?77 chapter 7', 'Piano composition written by some great man.', '', '0000-00-00', '0000-00-00', ''),
(525, 2, 'Piano composition ?77 chapter 7', 'Piano composition written by some great man.', '', '0000-00-00', '0000-00-00', ''),
(526, 2, 'Piano composition ?77 chapter 7', 'Piano composition written by some great man.', '', '0000-00-00', '0000-00-00', ''),
(527, 2, 'Piano composition ?77 chapter 7', 'Piano composition written by some great man.', '', '0000-00-00', '0000-00-00', ''),
(528, 2, 'Piano composition ?77 chapter 7', 'Piano composition written by some great man.', '', '0000-00-00', '0000-00-00', ''),
(529, 2, 'Piano composition ?77 chapter 7', 'Piano composition written by some great man.', '', '0000-00-00', '0000-00-00', ''),
(530, 2, 'Piano composition ?77 chapter 7', 'Piano composition written by some great man.', '', '0000-00-00', '0000-00-00', ''),
(531, 2, 'Piano composition ?77 chapter 7', 'Piano composition written by some great man.', '', '0000-00-00', '0000-00-00', ''),
(532, 2, 'Piano composition ?77 chapter 7', 'Piano composition written by some great man.', '', '0000-00-00', '0000-00-00', ''),
(533, 2, 'Piano composition ?77 chapter 7', 'Piano composition written by some great man.', '', '0000-00-00', '0000-00-00', ''),
(534, 2, 'Piano composition ?77 chapter 7', 'Piano composition written by some great man.', '', '0000-00-00', '0000-00-00', ''),
(535, 2, 'Piano composition ?77 chapter 7', 'Piano composition written by some great man.', '', '0000-00-00', '0000-00-00', ''),
(536, 2, 'Piano composition ?77 chapter 7', 'Piano composition written by some great man.', '', '0000-00-00', '0000-00-00', ''),
(537, 2, 'Piano composition ?77 chapter 7', 'Piano composition written by some great man.', '', '0000-00-00', '0000-00-00', ''),
(538, 2, 'Piano composition ?77 chapter 7', 'Piano composition written by some great man.', '', '0000-00-00', '0000-00-00', ''),
(539, 2, 'Piano composition ?77 chapter 7', 'Piano composition written by some great man.', '', '0000-00-00', '0000-00-00', ''),
(540, 2, 'Piano composition ?77 chapter 7', 'Piano composition written by some great man.', '', '0000-00-00', '0000-00-00', ''),
(541, 2, 'Piano composition ?77 chapter 7', 'Piano composition written by some great man.', '', '0000-00-00', '0000-00-00', ''),
(542, 2, 'Piano composition ?77 chapter 7', 'Piano composition written by some great man.', '', '0000-00-00', '0000-00-00', ''),
(543, 2, 'Piano composition ?77 chapter 7', 'Piano composition written by some great man.', '', '0000-00-00', '0000-00-00', ''),
(544, 2, 'Piano composition ?77 chapter 7', 'Piano composition written by some great man.', '', '0000-00-00', '0000-00-00', ''),
(545, 2, 'Piano composition ?77 chapter 7', 'Piano composition written by some great man.', '', '0000-00-00', '0000-00-00', ''),
(546, 2, 'Piano composition ?77 chapter 7', 'Piano composition written by some great man.', '', '0000-00-00', '0000-00-00', ''),
(547, 2, 'Piano composition ?77 chapter 7', 'Piano composition written by some great man.', '', '0000-00-00', '0000-00-00', ''),
(548, 2, 'Piano composition ?77 chapter 7', 'Piano composition written by some great man.', '', '0000-00-00', '0000-00-00', ''),
(549, 2, 'Piano composition ?77 chapter 7', 'Piano composition written by some great man.', '', '0000-00-00', '0000-00-00', ''),
(550, 2, 'Piano composition ?77 chapter 7', 'Piano composition written by some great man.', '', '0000-00-00', '0000-00-00', ''),
(551, 2, 'Piano composition ?77 chapter 7', 'Piano composition written by some great man.', '', '0000-00-00', '0000-00-00', ''),
(552, 2, 'Piano composition ?77 chapter 7', 'Piano composition written by some great man.', '', '0000-00-00', '0000-00-00', ''),
(553, 2, 'Piano composition ?77 chapter 7', 'Piano composition written by some great man.', '', '0000-00-00', '0000-00-00', ''),
(554, 2, 'Piano composition ?77 chapter 7', 'Piano composition written by some great man.', '', '0000-00-00', '0000-00-00', ''),
(555, 2, 'Piano composition ?77 chapter 7', 'Piano composition written by some great man.', '', '0000-00-00', '0000-00-00', ''),
(556, 2, 'Piano composition ?77 chapter 7', 'Piano composition written by some great man.', '', '0000-00-00', '0000-00-00', ''),
(557, 2, 'Piano composition ?77 chapter 7', 'Piano composition written by some great man.', '', '0000-00-00', '0000-00-00', ''),
(558, 2, 'Piano composition ?77 chapter 7', 'Piano composition written by some great man.', '', '0000-00-00', '0000-00-00', ''),
(559, 2, 'Piano composition ?77 chapter 7', 'Piano composition written by some great man.', '', '0000-00-00', '0000-00-00', ''),
(560, 2, 'Piano composition ?77 chapter 7', 'Piano composition written by some great man.', '', '0000-00-00', '0000-00-00', ''),
(561, 2, 'Piano composition ?77 chapter 7', 'Piano composition written by some great man.', '', '0000-00-00', '0000-00-00', ''),
(562, 2, 'Piano composition ?77 chapter 7', 'Piano composition written by some great man.', '', '0000-00-00', '0000-00-00', ''),
(563, 2, 'Piano composition ?77 chapter 7', 'Piano composition written by some great man.', '', '0000-00-00', '0000-00-00', ''),
(564, 2, 'Piano composition ?77 chapter 7', 'Piano composition written by some great man.', '', '0000-00-00', '0000-00-00', ''),
(565, 2, 'Piano composition ?77 chapter 7', 'Piano composition written by some great man.', '', '0000-00-00', '0000-00-00', ''),
(566, 2, 'Piano composition ?77 chapter 7', 'Piano composition written by some great man.', '', '0000-00-00', '0000-00-00', ''),
(567, 2, 'Piano composition ?77 chapter 7', 'Piano composition written by some great man.', '', '0000-00-00', '0000-00-00', ''),
(568, 2, 'Piano composition ?77 chapter 7', 'Piano composition written by some great man.', '', '0000-00-00', '0000-00-00', ''),
(569, 2, 'Piano composition ?77 chapter 7', 'Piano composition written by some great man.', '', '0000-00-00', '0000-00-00', ''),
(570, 2, 'Piano composition ?77 chapter 7', 'Piano composition written by some great man.', '', '0000-00-00', '0000-00-00', ''),
(571, 2, 'Piano composition ?77 chapter 7', 'Piano composition written by some great man.', '', '0000-00-00', '0000-00-00', ''),
(572, 2, 'Piano composition ?77 chapter 7', 'Piano composition written by some great man.', '', '0000-00-00', '0000-00-00', ''),
(573, 2, 'Piano composition ?77 chapter 7', 'Piano composition written by some great man.', '', '0000-00-00', '0000-00-00', ''),
(574, 2, 'Piano composition ?77 chapter 7', 'Piano composition written by some great man.', '', '0000-00-00', '0000-00-00', ''),
(575, 2, 'Piano composition ?77 chapter 7', 'Piano composition written by some great man.', '', '0000-00-00', '0000-00-00', ''),
(576, 2, 'Piano composition ?77 chapter 7', 'Piano composition written by some great man.', '', '0000-00-00', '0000-00-00', ''),
(577, 2, 'Piano composition ?77 chapter 7', 'Piano composition written by some great man.', '', '0000-00-00', '0000-00-00', ''),
(578, 2, 'Piano composition ?77 chapter 7', 'Piano composition written by some great man.', '', '0000-00-00', '0000-00-00', ''),
(579, 2, 'Piano composition ?77 chapter 7', 'Piano composition written by some great man.', '', '0000-00-00', '0000-00-00', ''),
(580, 2, 'Piano composition ?77 chapter 7', 'Piano composition written by some great man.', '', '0000-00-00', '0000-00-00', ''),
(581, 2, 'Piano composition ?77 chapter 7', 'Piano composition written by some great man.', '', '0000-00-00', '0000-00-00', ''),
(582, 2, 'Piano composition ?77 chapter 7', 'Piano composition written by some great man.', '', '0000-00-00', '0000-00-00', ''),
(583, 2, 'Piano composition ?77 chapter 7', 'Piano composition written by some great man.', '', '0000-00-00', '0000-00-00', ''),
(584, 2, 'Piano composition ?77 chapter 7', 'Piano composition written by some great man.', '', '0000-00-00', '0000-00-00', ''),
(585, 2, 'Piano composition ?77 chapter 7', 'Piano composition written by some great man.', '', '0000-00-00', '0000-00-00', ''),
(586, 2, 'Piano composition ?77 chapter 7', 'Piano composition written by some great man.', '', '0000-00-00', '0000-00-00', ''),
(587, 2, 'Piano composition ?77 chapter 7', 'Piano composition written by some great man.', '', '0000-00-00', '0000-00-00', ''),
(588, 2, 'Piano composition ?77 chapter 7', 'Piano composition written by some great man.', '', '0000-00-00', '0000-00-00', ''),
(589, 2, 'Piano composition ?77 chapter 7', 'Piano composition written by some great man.', '', '0000-00-00', '0000-00-00', ''),
(590, 2, 'Piano composition ?77 chapter 7', 'Piano composition written by some great man.', '', '0000-00-00', '0000-00-00', ''),
(591, 2, 'Piano composition ?77 chapter 7', 'Piano composition written by some great man.', '', '0000-00-00', '0000-00-00', ''),
(592, 2, 'Piano composition ?77 chapter 7', 'Piano composition written by some great man.', '', '0000-00-00', '0000-00-00', ''),
(593, 2, 'Piano composition ?77 chapter 7', 'Piano composition written by some great man.', '', '0000-00-00', '0000-00-00', ''),
(594, 2, 'Piano composition ?77 chapter 7', 'Piano composition written by some great man.', '', '0000-00-00', '0000-00-00', ''),
(595, 2, 'Piano composition ?77 chapter 7', 'Piano composition written by some great man.', '', '0000-00-00', '0000-00-00', ''),
(596, 2, 'Piano composition ?77 chapter 7', 'Piano composition written by some great man.', '', '0000-00-00', '0000-00-00', ''),
(597, 2, 'Piano composition ?77 chapter 7', 'Piano composition written by some great man.', '', '0000-00-00', '0000-00-00', ''),
(598, 2, 'Piano composition ?77 chapter 7', 'Piano composition written by some great man.', '', '0000-00-00', '0000-00-00', ''),
(599, 2, 'Piano composition ?77 chapter 7', 'Piano composition written by some great man.', '', '0000-00-00', '0000-00-00', ''),
(600, 2, 'Piano composition ?77 chapter 7', 'Piano composition written by some great man.', '', '0000-00-00', '0000-00-00', ''),
(601, 2, 'Piano composition ?77 chapter 7', 'Piano composition written by some great man.', '', '0000-00-00', '0000-00-00', ''),
(602, 2, 'Piano composition ?77 chapter 7', 'Piano composition written by some great man.', '', '0000-00-00', '0000-00-00', ''),
(603, 2, 'Piano composition ?77 chapter 7', 'Piano composition written by some great man.', '', '0000-00-00', '0000-00-00', ''),
(604, 2, 'Piano composition ?77 chapter 7', 'Piano composition written by some great man.', '', '0000-00-00', '0000-00-00', ''),
(605, 2, 'Piano composition ?77 chapter 7', 'Piano composition written by some great man.', '', '0000-00-00', '0000-00-00', ''),
(606, 2, 'Piano composition ?77 chapter 7', 'Piano composition written by some great man.', '', '0000-00-00', '0000-00-00', ''),
(607, 2, 'Piano composition ?77 chapter 7', 'Piano composition written by some great man.', '', '0000-00-00', '0000-00-00', ''),
(608, 2, 'Piano composition ?77 chapter 7', 'Piano composition written by some great man.', '', '0000-00-00', '0000-00-00', ''),
(609, 2, 'Piano composition ?77 chapter 7', 'Piano composition written by some great man.', '', '0000-00-00', '0000-00-00', ''),
(610, 2, 'Piano composition ?77 chapter 7', 'Piano composition written by some great man.', '', '0000-00-00', '0000-00-00', ''),
(611, 2, 'Piano composition ?77 chapter 7', 'Piano composition written by some great man.', '', '0000-00-00', '0000-00-00', ''),
(612, 2, 'Piano composition ?77 chapter 7', 'Piano composition written by some great man.', '', '0000-00-00', '0000-00-00', ''),
(613, 2, 'Piano composition ?77 chapter 7', 'Piano composition written by some great man.', '', '0000-00-00', '0000-00-00', ''),
(614, 2, 'Piano composition ?77 chapter 7', 'Piano composition written by some great man.', '', '0000-00-00', '0000-00-00', ''),
(615, 2, 'Piano composition ?77 chapter 7', 'Piano composition written by some great man.', '', '0000-00-00', '0000-00-00', ''),
(616, 2, 'Piano composition ?77 chapter 7', 'Piano composition written by some great man.', '', '0000-00-00', '0000-00-00', ''),
(617, 2, 'Piano composition ?77 chapter 7', 'Piano composition written by some great man.', '', '0000-00-00', '0000-00-00', ''),
(618, 2, 'Piano composition ?77 chapter 7', 'Piano composition written by some great man.', '', '0000-00-00', '0000-00-00', ''),
(619, 2, 'Piano composition ?77 chapter 7', 'Piano composition written by some great man.', '', '0000-00-00', '0000-00-00', ''),
(620, 2, 'Piano composition ?77 chapter 7', 'Piano composition written by some great man.', '', '0000-00-00', '0000-00-00', ''),
(621, 2, 'Piano composition ?77 chapter 7', 'Piano composition written by some great man.', '', '0000-00-00', '0000-00-00', ''),
(622, 2, 'Piano composition ?77 chapter 7', 'Piano composition written by some great man.', '', '0000-00-00', '0000-00-00', ''),
(623, 2, 'Piano composition ?77 chapter 7', 'Piano composition written by some great man.', '', '0000-00-00', '0000-00-00', ''),
(624, 2, 'Piano composition ?77 chapter 7', 'Piano composition written by some great man.', '', '0000-00-00', '0000-00-00', ''),
(625, 2, 'Piano composition ?77 chapter 7', 'Piano composition written by some great man.', '', '0000-00-00', '0000-00-00', ''),
(626, 2, 'Piano composition ?77 chapter 7', 'Piano composition written by some great man.', '', '0000-00-00', '0000-00-00', ''),
(627, 2, 'Piano composition ?77 chapter 7', 'Piano composition written by some great man.', '', '0000-00-00', '0000-00-00', ''),
(628, 2, 'Piano composition ?77 chapter 7', 'Piano composition written by some great man.', '', '0000-00-00', '0000-00-00', ''),
(629, 2, 'Piano composition ?77 chapter 7', 'Piano composition written by some great man.', '', '0000-00-00', '0000-00-00', ''),
(630, 2, 'Piano composition ?77 chapter 7', 'Piano composition written by some great man.', '', '0000-00-00', '0000-00-00', ''),
(631, 2, 'Piano composition ?77 chapter 7', 'Piano composition written by some great man.', '', '0000-00-00', '0000-00-00', ''),
(632, 2, 'Piano composition ?77 chapter 7', 'Piano composition written by some great man.', '', '0000-00-00', '0000-00-00', ''),
(633, 2, 'Piano composition ?77 chapter 7', 'Piano composition written by some great man.', '', '0000-00-00', '0000-00-00', ''),
(634, 2, 'Piano composition ?77 chapter 7', 'Piano composition written by some great man.', '', '0000-00-00', '0000-00-00', ''),
(635, 2, 'Piano composition ?77 chapter 7', 'Piano composition written by some great man.', '', '0000-00-00', '0000-00-00', ''),
(636, 2, 'Piano composition ?77 chapter 7', 'Piano composition written by some great man.', '', '0000-00-00', '0000-00-00', ''),
(637, 2, 'Piano composition ?77 chapter 7', 'Piano composition written by some great man.', '', '0000-00-00', '0000-00-00', ''),
(638, 2, 'Piano composition ?77 chapter 7', 'Piano composition written by some great man.', '', '0000-00-00', '0000-00-00', ''),
(639, 2, 'Piano composition ?77 chapter 7', 'Piano composition written by some great man.', '', '0000-00-00', '0000-00-00', ''),
(640, 2, 'Piano composition ?77 chapter 7', 'Piano composition written by some great man.', '', '0000-00-00', '0000-00-00', ''),
(641, 2, 'Piano composition ?77 chapter 7', 'Piano composition written by some great man.', '', '0000-00-00', '0000-00-00', ''),
(642, 2, 'Piano composition ?77 chapter 7', 'Piano composition written by some great man.', '', '0000-00-00', '0000-00-00', ''),
(643, 2, 'Piano composition ?77 chapter 7', 'Piano composition written by some great man.', '', '0000-00-00', '0000-00-00', ''),
(644, 2, 'Piano composition ?77 chapter 7', 'Piano composition written by some great man.', '', '0000-00-00', '0000-00-00', ''),
(645, 2, 'Piano composition ?77 chapter 7', 'Piano composition written by some great man.', '', '0000-00-00', '0000-00-00', ''),
(646, 2, 'Piano composition ?77 chapter 7', 'Piano composition written by some great man.', '', '0000-00-00', '0000-00-00', ''),
(647, 2, 'Piano composition ?77 chapter 7', 'Piano composition written by some great man.', '', '0000-00-00', '0000-00-00', ''),
(648, 2, 'Piano composition ?77 chapter 7', 'Piano composition written by some great man.', '', '0000-00-00', '0000-00-00', ''),
(649, 2, 'Piano composition ?77 chapter 7', 'Piano composition written by some great man.', '', '0000-00-00', '0000-00-00', ''),
(650, 2, 'Piano composition ?77 chapter 7', 'Piano composition written by some great man.', '', '0000-00-00', '0000-00-00', ''),
(651, 2, 'Piano composition ?77 chapter 7', 'Piano composition written by some great man.', '', '0000-00-00', '0000-00-00', ''),
(652, 2, 'Piano composition ?77 chapter 7', 'Piano composition written by some great man.', '', '0000-00-00', '0000-00-00', ''),
(653, 2, 'Piano composition ?77 chapter 7', 'Piano composition written by some great man.', '', '0000-00-00', '0000-00-00', ''),
(654, 2, 'Piano composition ?77 chapter 7', 'Piano composition written by some great man.', '', '0000-00-00', '0000-00-00', ''),
(655, 2, 'Piano composition ?77 chapter 7', 'Piano composition written by some great man.', '', '0000-00-00', '0000-00-00', ''),
(656, 2, 'Piano composition ?77 chapter 7', 'Piano composition written by some great man.', '', '0000-00-00', '0000-00-00', ''),
(657, 2, 'Piano composition ?77 chapter 7', 'Piano composition written by some great man.', '', '0000-00-00', '0000-00-00', ''),
(658, 2, 'Piano composition ?77 chapter 7', 'Piano composition written by some great man.', '', '0000-00-00', '0000-00-00', ''),
(659, 2, 'Piano composition ?77 chapter 7', 'Piano composition written by some great man.', '', '0000-00-00', '0000-00-00', ''),
(660, 2, 'Piano composition ?77 chapter 7', 'Piano composition written by some great man.', '', '0000-00-00', '0000-00-00', ''),
(661, 2, 'Piano composition ?77 chapter 7', 'Piano composition written by some great man.', '', '0000-00-00', '0000-00-00', ''),
(662, 2, 'Piano composition ?77 chapter 7', 'Piano composition written by some great man.', '', '0000-00-00', '0000-00-00', ''),
(663, 2, 'Piano composition ?77 chapter 7', 'Piano composition written by some great man.', '', '0000-00-00', '0000-00-00', ''),
(664, 2, 'Piano composition ?77 chapter 7', 'Piano composition written by some great man.', '', '0000-00-00', '0000-00-00', ''),
(665, 2, 'Piano composition ?77 chapter 7', 'Piano composition written by some great man.', '', '0000-00-00', '0000-00-00', ''),
(666, 2, 'Piano composition ?77 chapter 7', 'Piano composition written by some great man.', '', '0000-00-00', '0000-00-00', ''),
(667, 2, 'Piano composition ?77 chapter 7', 'Piano composition written by some great man.', '', '0000-00-00', '0000-00-00', ''),
(668, 2, 'Piano composition ?77 chapter 7', 'Piano composition written by some great man.', '', '0000-00-00', '0000-00-00', ''),
(669, 2, 'Piano composition ?77 chapter 7', 'Piano composition written by some great man.', '', '0000-00-00', '0000-00-00', ''),
(670, 2, 'Piano composition ?77 chapter 7', 'Piano composition written by some great man.', '', '0000-00-00', '0000-00-00', ''),
(671, 2, 'Piano composition ?77 chapter 7', 'Piano composition written by some great man.', '', '0000-00-00', '0000-00-00', ''),
(672, 2, 'Piano composition ?77 chapter 7', 'Piano composition written by some great man.', '', '0000-00-00', '0000-00-00', ''),
(673, 2, 'Piano composition ?77 chapter 7', 'Piano composition written by some great man.', '', '0000-00-00', '0000-00-00', ''),
(674, 2, 'Piano composition ?77 chapter 7', 'Piano composition written by some great man.', '', '0000-00-00', '0000-00-00', ''),
(675, 2, 'Piano composition ?77 chapter 7', 'Piano composition written by some great man.', '', '0000-00-00', '0000-00-00', ''),
(676, 2, 'Piano composition ?77 chapter 7', 'Piano composition written by some great man.', '', '0000-00-00', '0000-00-00', ''),
(677, 2, 'Piano composition ?77 chapter 7', 'Piano composition written by some great man.', '', '0000-00-00', '0000-00-00', ''),
(678, 2, 'Piano composition ?77 chapter 7', 'Piano composition written by some great man.', '', '0000-00-00', '0000-00-00', ''),
(679, 2, 'Piano composition ?77 chapter 7', 'Piano composition written by some great man.', '', '0000-00-00', '0000-00-00', ''),
(680, 2, 'Piano composition ?77 chapter 7', 'Piano composition written by some great man.', '', '0000-00-00', '0000-00-00', ''),
(681, 2, 'Piano composition ?77 chapter 7', 'Piano composition written by some great man.', '', '0000-00-00', '0000-00-00', ''),
(682, 2, 'Piano composition ?77 chapter 7', 'Piano composition written by some great man.', '', '0000-00-00', '0000-00-00', ''),
(683, 2, 'Piano composition ?77 chapter 7', 'Piano composition written by some great man.', '', '0000-00-00', '0000-00-00', ''),
(684, 2, 'Piano composition ?77 chapter 7', 'Piano composition written by some great man.', '', '0000-00-00', '0000-00-00', ''),
(685, 2, 'Piano composition ?77 chapter 7', 'Piano composition written by some great man.', '', '0000-00-00', '0000-00-00', ''),
(686, 2, 'Piano composition ?77 chapter 7', 'Piano composition written by some great man.', '', '0000-00-00', '0000-00-00', ''),
(687, 2, 'Piano composition ?77 chapter 7', 'Piano composition written by some great man.', '', '0000-00-00', '0000-00-00', ''),
(688, 2, 'Piano composition ?77 chapter 7', 'Piano composition written by some great man.', '', '0000-00-00', '0000-00-00', ''),
(689, 2, 'Piano composition ?77 chapter 7', 'Piano composition written by some great man.', '', '0000-00-00', '0000-00-00', ''),
(690, 2, 'Piano composition ?77 chapter 7', 'Piano composition written by some great man.', '', '0000-00-00', '0000-00-00', ''),
(691, 2, 'Piano composition ?77 chapter 7', 'Piano composition written by some great man.', '', '0000-00-00', '0000-00-00', ''),
(692, 2, 'Piano composition ?77 chapter 7', 'Piano composition written by some great man.', '', '0000-00-00', '0000-00-00', ''),
(693, 2, 'Piano composition ?77 chapter 7', 'Piano composition written by some great man.', '', '0000-00-00', '0000-00-00', ''),
(694, 2, 'Piano composition ?77 chapter 7', 'Piano composition written by some great man.', '', '0000-00-00', '0000-00-00', ''),
(695, 2, 'Piano composition ?77 chapter 7', 'Piano composition written by some great man.', '', '0000-00-00', '0000-00-00', ''),
(696, 2, 'Piano composition ?77 chapter 7', 'Piano composition written by some great man.', '', '0000-00-00', '0000-00-00', ''),
(697, 2, 'Piano composition ?77 chapter 7', 'Piano composition written by some great man.', '', '0000-00-00', '0000-00-00', ''),
(698, 2, 'Piano composition ?77 chapter 7', 'Piano composition written by some great man.', '', '0000-00-00', '0000-00-00', ''),
(699, 2, 'Piano composition ?77 chapter 7', 'Piano composition written by some great man.', '', '0000-00-00', '0000-00-00', ''),
(700, 2, 'Piano composition ?77 chapter 7', 'Piano composition written by some great man.', '', '0000-00-00', '0000-00-00', ''),
(701, 2, 'Piano composition ?77 chapter 7', 'Piano composition written by some great man.', '', '0000-00-00', '0000-00-00', ''),
(702, 2, 'Piano composition ?77 chapter 7', 'Piano composition written by some great man.', '', '0000-00-00', '0000-00-00', ''),
(703, 2, 'Piano composition ?77 chapter 7', 'Piano composition written by some great man.', '', '0000-00-00', '0000-00-00', ''),
(704, 2, 'Piano composition ?77 chapter 7', 'Piano composition written by some great man.', '', '0000-00-00', '0000-00-00', ''),
(705, 2, 'Piano composition ?77 chapter 7', 'Piano composition written by some great man.', '', '0000-00-00', '0000-00-00', ''),
(706, 2, 'Piano composition ?77 chapter 7', 'Piano composition written by some great man.', '', '0000-00-00', '0000-00-00', ''),
(707, 2, 'Piano composition ?77 chapter 7', 'Piano composition written by some great man.', '', '0000-00-00', '0000-00-00', ''),
(708, 2, 'Piano composition ?77 chapter 7', 'Piano composition written by some great man.', '', '0000-00-00', '0000-00-00', ''),
(709, 2, 'Piano composition ?77 chapter 7', 'Piano composition written by some great man.', '', '0000-00-00', '0000-00-00', ''),
(710, 2, 'Piano composition ?77 chapter 7', 'Piano composition written by some great man.', '', '0000-00-00', '0000-00-00', ''),
(711, 2, 'Piano composition ?77 chapter 7', 'Piano composition written by some great man.', '', '0000-00-00', '0000-00-00', ''),
(712, 2, 'Piano composition ?77 chapter 7', 'Piano composition written by some great man.', '', '0000-00-00', '0000-00-00', ''),
(713, 2, 'Piano composition ?77 chapter 7', 'Piano composition written by some great man.', '', '0000-00-00', '0000-00-00', ''),
(714, 2, 'Piano composition ?77 chapter 7', 'Piano composition written by some great man.', '', '0000-00-00', '0000-00-00', ''),
(715, 2, 'Piano composition ?77 chapter 7', 'Piano composition written by some great man.', '', '0000-00-00', '0000-00-00', ''),
(716, 2, 'Piano composition ?77 chapter 7', 'Piano composition written by some great man.', '', '0000-00-00', '0000-00-00', ''),
(717, 2, 'Piano composition ?77 chapter 7', 'Piano composition written by some great man.', '', '0000-00-00', '0000-00-00', ''),
(718, 2, 'Piano composition ?77 chapter 7', 'Piano composition written by some great man.', '', '0000-00-00', '0000-00-00', ''),
(719, 2, 'Piano composition ?77 chapter 7', 'Piano composition written by some great man.', '', '0000-00-00', '0000-00-00', ''),
(720, 2, 'Piano composition ?77 chapter 7', 'Piano composition written by some great man.', '', '0000-00-00', '0000-00-00', ''),
(721, 2, 'Piano composition ?77 chapter 7', 'Piano composition written by some great man.', '', '0000-00-00', '0000-00-00', ''),
(722, 2, 'Piano composition ?77 chapter 7', 'Piano composition written by some great man.', '', '0000-00-00', '0000-00-00', ''),
(723, 2, 'Piano composition ?77 chapter 7', 'Piano composition written by some great man.', '', '0000-00-00', '0000-00-00', ''),
(724, 2, 'Piano composition ?77 chapter 7', 'Piano composition written by some great man.', '', '0000-00-00', '0000-00-00', ''),
(725, 2, 'Piano composition ?77 chapter 7', 'Piano composition written by some great man.', '', '0000-00-00', '0000-00-00', ''),
(726, 2, 'Piano composition ?77 chapter 7', 'Piano composition written by some great man.', '', '0000-00-00', '0000-00-00', ''),
(727, 2, 'Piano composition ?77 chapter 7', 'Piano composition written by some great man.', '', '0000-00-00', '0000-00-00', ''),
(728, 2, 'Piano composition ?77 chapter 7', 'Piano composition written by some great man.', '', '0000-00-00', '0000-00-00', ''),
(729, 2, 'Piano composition ?77 chapter 7', 'Piano composition written by some great man.', '', '0000-00-00', '0000-00-00', ''),
(730, 2, 'Piano composition ?77 chapter 7', 'Piano composition written by some great man.', '', '0000-00-00', '0000-00-00', ''),
(731, 2, 'Piano composition ?77 chapter 7', 'Piano composition written by some great man.', '', '0000-00-00', '0000-00-00', ''),
(732, 2, 'Piano composition ?77 chapter 7', 'Piano composition written by some great man.', '', '0000-00-00', '0000-00-00', ''),
(733, 2, 'Piano composition ?77 chapter 7', 'Piano composition written by some great man.', '', '0000-00-00', '0000-00-00', ''),
(734, 2, 'Piano composition ?77 chapter 7', 'Piano composition written by some great man.', '', '0000-00-00', '0000-00-00', ''),
(735, 2, 'Piano composition ?77 chapter 7', 'Piano composition written by some great man.', '', '0000-00-00', '0000-00-00', ''),
(736, 2, 'Piano composition ?77 chapter 7', 'Piano composition written by some great man.', '', '0000-00-00', '0000-00-00', ''),
(737, 2, 'Piano composition ?77 chapter 7', 'Piano composition written by some great man.', '', '0000-00-00', '0000-00-00', ''),
(738, 2, 'Piano composition ?77 chapter 7', 'Piano composition written by some great man.', '', '0000-00-00', '0000-00-00', ''),
(739, 2, 'Piano composition ?77 chapter 7', 'Piano composition written by some great man.', '', '0000-00-00', '0000-00-00', ''),
(740, 2, 'Piano composition ?77 chapter 7', 'Piano composition written by some great man.', '', '0000-00-00', '0000-00-00', ''),
(741, 2, 'Piano composition ?77 chapter 7', 'Piano composition written by some great man.', '', '0000-00-00', '0000-00-00', ''),
(742, 2, 'Piano composition ?77 chapter 7', 'Piano composition written by some great man.', '', '0000-00-00', '0000-00-00', ''),
(743, 2, 'Piano composition ?77 chapter 7', 'Piano composition written by some great man.', '', '0000-00-00', '0000-00-00', ''),
(744, 2, 'Piano composition ?77 chapter 7', 'Piano composition written by some great man.', '', '0000-00-00', '0000-00-00', ''),
(745, 2, 'Piano composition ?77 chapter 7', 'Piano composition written by some great man.', '', '0000-00-00', '0000-00-00', ''),
(746, 2, 'Piano composition ?77 chapter 7', 'Piano composition written by some great man.', '', '0000-00-00', '0000-00-00', ''),
(747, 2, 'Piano composition ?77 chapter 7', 'Piano composition written by some great man.', '', '0000-00-00', '0000-00-00', ''),
(748, 2, 'Piano composition ?77 chapter 7', 'Piano composition written by some great man.', '', '0000-00-00', '0000-00-00', ''),
(749, 2, 'Piano composition ?77 chapter 7', 'Piano composition written by some great man.', '', '0000-00-00', '0000-00-00', ''),
(750, 2, 'Piano composition ?77 chapter 7', 'Piano composition written by some great man.', '', '0000-00-00', '0000-00-00', ''),
(751, 2, 'Piano composition ?77 chapter 7', 'Piano composition written by some great man.', '', '0000-00-00', '0000-00-00', ''),
(752, 2, 'Piano composition ?77 chapter 7', 'Piano composition written by some great man.', '', '0000-00-00', '0000-00-00', ''),
(753, 2, 'Piano composition ?77 chapter 7', 'Piano composition written by some great man.', '', '0000-00-00', '0000-00-00', ''),
(754, 2, 'Piano composition ?77 chapter 7', 'Piano composition written by some great man.', '', '0000-00-00', '0000-00-00', ''),
(755, 2, 'Piano composition ?77 chapter 7', 'Piano composition written by some great man.', '', '0000-00-00', '0000-00-00', ''),
(756, 2, 'Piano composition ?77 chapter 7', 'Piano composition written by some great man.', '', '0000-00-00', '0000-00-00', ''),
(757, 2, 'Piano composition ?77 chapter 7', 'Piano composition written by some great man.', '', '0000-00-00', '0000-00-00', ''),
(758, 2, 'Piano composition ?77 chapter 7', 'Piano composition written by some great man.', '', '0000-00-00', '0000-00-00', ''),
(759, 2, 'Piano composition ?77 chapter 7', 'Piano composition written by some great man.', '', '0000-00-00', '0000-00-00', ''),
(760, 2, 'Piano composition ?77 chapter 7', 'Piano composition written by some great man.', '', '0000-00-00', '0000-00-00', ''),
(761, 2, 'Piano composition ?77 chapter 7', 'Piano composition written by some great man.', '', '0000-00-00', '0000-00-00', ''),
(762, 2, 'Piano composition ?77 chapter 7', 'Piano composition written by some great man.', '', '0000-00-00', '0000-00-00', ''),
(763, 2, 'Piano composition ?77 chapter 7', 'Piano composition written by some great man.', '', '0000-00-00', '0000-00-00', ''),
(764, 2, 'Piano composition ?77 chapter 7', 'Piano composition written by some great man.', '', '0000-00-00', '0000-00-00', ''),
(765, 2, 'Piano composition ?77 chapter 7', 'Piano composition written by some great man.', '', '0000-00-00', '0000-00-00', ''),
(766, 2, 'Piano composition ?77 chapter 7', 'Piano composition written by some great man.', '', '0000-00-00', '0000-00-00', ''),
(767, 2, 'Piano composition ?77 chapter 7', 'Piano composition written by some great man.', '', '0000-00-00', '0000-00-00', ''),
(768, 2, 'Piano composition ?77 chapter 7', 'Piano composition written by some great man.', '', '0000-00-00', '0000-00-00', ''),
(769, 2, 'Piano composition ?77 chapter 7', 'Piano composition written by some great man.', '', '0000-00-00', '0000-00-00', ''),
(770, 2, 'Piano composition ?77 chapter 7', 'Piano composition written by some great man.', '', '0000-00-00', '0000-00-00', ''),
(771, 2, 'Piano composition ?77 chapter 7', 'Piano composition written by some great man.', '', '0000-00-00', '0000-00-00', ''),
(772, 2, 'Piano composition ?77 chapter 7', 'Piano composition written by some great man.', '', '0000-00-00', '0000-00-00', ''),
(773, 2, 'Piano composition ?77 chapter 7', 'Piano composition written by some great man.', '', '0000-00-00', '0000-00-00', ''),
(774, 2, 'Piano composition ?77 chapter 7', 'Piano composition written by some great man.', '', '0000-00-00', '0000-00-00', ''),
(775, 2, 'Piano composition ?77 chapter 7', 'Piano composition written by some great man.', '', '0000-00-00', '0000-00-00', ''),
(776, 2, 'Piano composition ?77 chapter 7', 'Piano composition written by some great man.', '', '0000-00-00', '0000-00-00', ''),
(777, 2, 'Piano composition ?77 chapter 7', 'Piano composition written by some great man.', '', '0000-00-00', '0000-00-00', ''),
(778, 2, 'Piano composition ?77 chapter 7', 'Piano composition written by some great man.', '', '0000-00-00', '0000-00-00', ''),
(779, 2, 'Piano composition ?77 chapter 7', 'Piano composition written by some great man.', '', '0000-00-00', '0000-00-00', ''),
(780, 2, 'Piano composition ?77 chapter 7', 'Piano composition written by some great man.', '', '0000-00-00', '0000-00-00', ''),
(781, 2, 'Piano composition ?77 chapter 7', 'Piano composition written by some great man.', '', '0000-00-00', '0000-00-00', ''),
(782, 2, 'Piano composition ?77 chapter 7', 'Piano composition written by some great man.', '', '0000-00-00', '0000-00-00', ''),
(783, 2, 'Piano composition ?77 chapter 7', 'Piano composition written by some great man.', '', '0000-00-00', '0000-00-00', ''),
(784, 2, 'Piano composition ?77 chapter 7', 'Piano composition written by some great man.', '', '0000-00-00', '0000-00-00', '');
INSERT INTO `compositions` (`id`, `author_id`, `name`, `description`, `url`, `published`, `created`, `tags`) VALUES
(785, 2, 'Piano composition ?77 chapter 7', 'Piano composition written by some great man.', '', '0000-00-00', '0000-00-00', ''),
(786, 2, 'Piano composition ?77 chapter 7', 'Piano composition written by some great man.', '', '0000-00-00', '0000-00-00', ''),
(787, 2, 'Piano composition ?77 chapter 7', 'Piano composition written by some great man.', '', '0000-00-00', '0000-00-00', ''),
(788, 2, 'Piano composition ?77 chapter 7', 'Piano composition written by some great man.', '', '0000-00-00', '0000-00-00', ''),
(789, 2, 'Piano composition ?77 chapter 7', 'Piano composition written by some great man.', '', '0000-00-00', '0000-00-00', ''),
(790, 2, 'Piano composition ?77 chapter 7', 'Piano composition written by some great man.', '', '0000-00-00', '0000-00-00', ''),
(791, 2, 'Piano composition ?77 chapter 7', 'Piano composition written by some great man.', '', '0000-00-00', '0000-00-00', ''),
(792, 2, 'Piano composition ?77 chapter 7', 'Piano composition written by some great man.', '', '0000-00-00', '0000-00-00', ''),
(793, 2, 'Piano composition ?77 chapter 7', 'Piano composition written by some great man.', '', '0000-00-00', '0000-00-00', ''),
(794, 2, 'Piano composition ?77 chapter 7', 'Piano composition written by some great man.', '', '0000-00-00', '0000-00-00', ''),
(795, 2, 'Piano composition ?77 chapter 7', 'Piano composition written by some great man.', '', '0000-00-00', '0000-00-00', ''),
(796, 2, 'Piano composition ?77 chapter 7', 'Piano composition written by some great man.', '', '0000-00-00', '0000-00-00', ''),
(797, 2, 'Piano composition ?77 chapter 7', 'Piano composition written by some great man.', '', '0000-00-00', '0000-00-00', ''),
(798, 2, 'Piano composition ?77 chapter 7', 'Piano composition written by some great man.', '', '0000-00-00', '0000-00-00', ''),
(799, 2, 'Piano composition ?77 chapter 7', 'Piano composition written by some great man.', '', '0000-00-00', '0000-00-00', ''),
(800, 2, 'Piano composition ?77 chapter 7', 'Piano composition written by some great man.', '', '0000-00-00', '0000-00-00', ''),
(801, 2, 'Piano composition ?77 chapter 7', 'Piano composition written by some great man.', '', '0000-00-00', '0000-00-00', ''),
(802, 2, 'Piano composition ?77 chapter 7', 'Piano composition written by some great man.', '', '0000-00-00', '0000-00-00', ''),
(803, 2, 'Piano composition ?77 chapter 7', 'Piano composition written by some great man.', '', '0000-00-00', '0000-00-00', ''),
(804, 2, 'Piano composition ?77 chapter 7', 'Piano composition written by some great man.', '', '0000-00-00', '0000-00-00', ''),
(805, 2, 'Piano composition ?77 chapter 7', 'Piano composition written by some great man.', '', '0000-00-00', '0000-00-00', ''),
(806, 2, 'Piano composition ?77 chapter 7', 'Piano composition written by some great man.', '', '0000-00-00', '0000-00-00', ''),
(807, 2, 'Piano composition ?77 chapter 7', 'Piano composition written by some great man.', '', '0000-00-00', '0000-00-00', ''),
(808, 2, 'Piano composition ?77 chapter 7', 'Piano composition written by some great man.', '', '0000-00-00', '0000-00-00', ''),
(809, 2, 'Piano composition ?77 chapter 7', 'Piano composition written by some great man.', '', '0000-00-00', '0000-00-00', ''),
(810, 2, 'Piano composition ?77 chapter 7', 'Piano composition written by some great man.', '', '0000-00-00', '0000-00-00', ''),
(811, 2, 'Piano composition ?77 chapter 7', 'Piano composition written by some great man.', '', '0000-00-00', '0000-00-00', ''),
(812, 2, 'Piano composition ?77 chapter 7', 'Piano composition written by some great man.', '', '0000-00-00', '0000-00-00', ''),
(813, 2, 'Piano composition ?77 chapter 7', 'Piano composition written by some great man.', '', '0000-00-00', '0000-00-00', ''),
(814, 2, 'Piano composition ?77 chapter 7', 'Piano composition written by some great man.', '', '0000-00-00', '0000-00-00', ''),
(815, 2, 'Piano composition ?77 chapter 7', 'Piano composition written by some great man.', '', '0000-00-00', '0000-00-00', ''),
(816, 2, 'Piano composition ?77 chapter 7', 'Piano composition written by some great man.', '', '0000-00-00', '0000-00-00', ''),
(817, 2, 'Piano composition ?77 chapter 7', 'Piano composition written by some great man.', '', '0000-00-00', '0000-00-00', ''),
(818, 2, 'Piano composition ?77 chapter 7', 'Piano composition written by some great man.', '', '0000-00-00', '0000-00-00', ''),
(819, 2, 'Piano composition ?77 chapter 7', 'Piano composition written by some great man.', '', '0000-00-00', '0000-00-00', ''),
(820, 2, 'Piano composition ?77 chapter 7', 'Piano composition written by some great man.', '', '0000-00-00', '0000-00-00', ''),
(821, 2, 'Piano composition ?77 chapter 7', 'Piano composition written by some great man.', '', '0000-00-00', '0000-00-00', ''),
(822, 2, 'Piano composition ?77 chapter 7', 'Piano composition written by some great man.', '', '0000-00-00', '0000-00-00', ''),
(823, 2, 'Piano composition ?77 chapter 7', 'Piano composition written by some great man.', '', '0000-00-00', '0000-00-00', ''),
(824, 2, 'Piano composition ?77 chapter 7', 'Piano composition written by some great man.', '', '0000-00-00', '0000-00-00', ''),
(825, 2, 'Piano composition ?77 chapter 7', 'Piano composition written by some great man.', '', '0000-00-00', '0000-00-00', ''),
(826, 2, 'Piano composition ?77 chapter 7', 'Piano composition written by some great man.', '', '0000-00-00', '0000-00-00', ''),
(827, 2, 'Piano composition ?77 chapter 7', 'Piano composition written by some great man.', '', '0000-00-00', '0000-00-00', ''),
(828, 2, 'Piano composition ?77 chapter 7', 'Piano composition written by some great man.', '', '0000-00-00', '0000-00-00', ''),
(829, 2, 'Piano composition ?77 chapter 7', 'Piano composition written by some great man.', '', '0000-00-00', '0000-00-00', ''),
(830, 2, 'Piano composition ?77 chapter 7', 'Piano composition written by some great man.', '', '0000-00-00', '0000-00-00', ''),
(831, 2, 'Piano composition ?77 chapter 7', 'Piano composition written by some great man.', '', '0000-00-00', '0000-00-00', ''),
(832, 2, 'Piano composition ?77 chapter 7', 'Piano composition written by some great man.', '', '0000-00-00', '0000-00-00', ''),
(833, 2, 'Piano composition ?77 chapter 7', 'Piano composition written by some great man.', '', '0000-00-00', '0000-00-00', ''),
(834, 2, 'Piano composition ?77 chapter 7', 'Piano composition written by some great man.', '', '0000-00-00', '0000-00-00', ''),
(835, 2, 'Piano composition ?77 chapter 7', 'Piano composition written by some great man.', '', '0000-00-00', '0000-00-00', ''),
(836, 2, 'Piano composition ?77 chapter 7', 'Piano composition written by some great man.', '', '0000-00-00', '0000-00-00', ''),
(837, 2, 'Piano composition ?77 chapter 7', 'Piano composition written by some great man.', '', '0000-00-00', '0000-00-00', ''),
(838, 2, 'Piano composition ?77 chapter 7', 'Piano composition written by some great man.', '', '0000-00-00', '0000-00-00', ''),
(839, 2, 'Piano composition ?77 chapter 7', 'Piano composition written by some great man.', '', '0000-00-00', '0000-00-00', ''),
(840, 2, 'Piano composition ?77 chapter 7', 'Piano composition written by some great man.', '', '0000-00-00', '0000-00-00', ''),
(841, 2, 'Piano composition ?77 chapter 7', 'Piano composition written by some great man.', '', '0000-00-00', '0000-00-00', ''),
(842, 2, 'Piano composition ?77 chapter 7', 'Piano composition written by some great man.', '', '0000-00-00', '0000-00-00', ''),
(843, 2, 'Piano composition ?77 chapter 7', 'Piano composition written by some great man.', '', '0000-00-00', '0000-00-00', ''),
(844, 2, 'Piano composition ?77 chapter 7', 'Piano composition written by some great man.', '', '0000-00-00', '0000-00-00', ''),
(845, 2, 'Piano composition ?77 chapter 7', 'Piano composition written by some great man.', '', '0000-00-00', '0000-00-00', ''),
(846, 2, 'Piano composition ?77 chapter 7', 'Piano composition written by some great man.', '', '0000-00-00', '0000-00-00', ''),
(847, 2, 'Piano composition ?77 chapter 7', 'Piano composition written by some great man.', '', '0000-00-00', '0000-00-00', ''),
(848, 2, 'Piano composition ?77 chapter 7', 'Piano composition written by some great man.', '', '0000-00-00', '0000-00-00', ''),
(849, 2, 'Piano composition ?77 chapter 7', 'Piano composition written by some great man.', '', '0000-00-00', '0000-00-00', ''),
(850, 2, 'Piano composition ?77 chapter 7', 'Piano composition written by some great man.', '', '0000-00-00', '0000-00-00', ''),
(851, 2, 'Piano composition ?77 chapter 7', 'Piano composition written by some great man.', '', '0000-00-00', '0000-00-00', ''),
(852, 2, 'Piano composition ?77 chapter 7', 'Piano composition written by some great man.', '', '0000-00-00', '0000-00-00', ''),
(853, 2, 'Piano composition ?77 chapter 7', 'Piano composition written by some great man.', '', '0000-00-00', '0000-00-00', ''),
(854, 2, 'Piano composition ?77 chapter 7', 'Piano composition written by some great man.', '', '0000-00-00', '0000-00-00', ''),
(855, 2, 'Piano composition ?77 chapter 7', 'Piano composition written by some great man.', '', '0000-00-00', '0000-00-00', ''),
(856, 2, 'Piano composition ?77 chapter 7', 'Piano composition written by some great man.', '', '0000-00-00', '0000-00-00', ''),
(857, 2, 'Piano composition ?77 chapter 7', 'Piano composition written by some great man.', '', '0000-00-00', '0000-00-00', ''),
(858, 2, 'Piano composition ?77 chapter 7', 'Piano composition written by some great man.', '', '0000-00-00', '0000-00-00', ''),
(859, 2, 'Piano composition ?77 chapter 7', 'Piano composition written by some great man.', '', '0000-00-00', '0000-00-00', ''),
(860, 2, 'Piano composition ?77 chapter 7', 'Piano composition written by some great man.', '', '0000-00-00', '0000-00-00', ''),
(861, 2, 'Piano composition ?77 chapter 7', 'Piano composition written by some great man.', '', '0000-00-00', '0000-00-00', ''),
(862, 2, 'Piano composition ?77 chapter 7', 'Piano composition written by some great man.', '', '0000-00-00', '0000-00-00', ''),
(863, 2, 'Piano composition ?77 chapter 7', 'Piano composition written by some great man.', '', '0000-00-00', '0000-00-00', ''),
(864, 2, 'Piano composition ?77 chapter 7', 'Piano composition written by some great man.', '', '0000-00-00', '0000-00-00', ''),
(865, 2, 'Piano composition ?77 chapter 7', 'Piano composition written by some great man.', '', '0000-00-00', '0000-00-00', ''),
(866, 2, 'Piano composition ?77 chapter 7', 'Piano composition written by some great man.', '', '0000-00-00', '0000-00-00', ''),
(867, 2, 'Piano composition ?77 chapter 7', 'Piano composition written by some great man.', '', '0000-00-00', '0000-00-00', ''),
(868, 2, 'Piano composition ?77 chapter 7', 'Piano composition written by some great man.', '', '0000-00-00', '0000-00-00', ''),
(869, 2, 'Piano composition ?77 chapter 7', 'Piano composition written by some great man.', '', '0000-00-00', '0000-00-00', ''),
(870, 2, 'Piano composition ?77 chapter 7', 'Piano composition written by some great man.', '', '0000-00-00', '0000-00-00', ''),
(871, 2, 'Piano composition ?77 chapter 7', 'Piano composition written by some great man.', '', '0000-00-00', '0000-00-00', ''),
(872, 2, 'Piano composition ?77 chapter 7', 'Piano composition written by some great man.', '', '0000-00-00', '0000-00-00', ''),
(873, 2, 'Piano composition ?77 chapter 7', 'Piano composition written by some great man.', '', '0000-00-00', '0000-00-00', ''),
(874, 2, 'Piano composition ?77 chapter 7', 'Piano composition written by some great man.', '', '0000-00-00', '0000-00-00', ''),
(875, 2, 'Piano composition ?77 chapter 7', 'Piano composition written by some great man.', '', '0000-00-00', '0000-00-00', ''),
(876, 2, 'Piano composition ?77 chapter 7', 'Piano composition written by some great man.', '', '0000-00-00', '0000-00-00', ''),
(877, 2, 'Piano composition ?77 chapter 7', 'Piano composition written by some great man.', '', '0000-00-00', '0000-00-00', ''),
(878, 2, 'Piano composition ?77 chapter 7', 'Piano composition written by some great man.', '', '0000-00-00', '0000-00-00', ''),
(879, 2, 'Piano composition ?77 chapter 7', 'Piano composition written by some great man.', '', '0000-00-00', '0000-00-00', ''),
(880, 2, 'Piano composition ?77 chapter 7', 'Piano composition written by some great man.', '', '0000-00-00', '0000-00-00', ''),
(881, 2, 'Piano composition ?77 chapter 7', 'Piano composition written by some great man.', '', '0000-00-00', '0000-00-00', ''),
(882, 2, 'Piano composition ?77 chapter 7', 'Piano composition written by some great man.', '', '0000-00-00', '0000-00-00', ''),
(883, 2, 'Piano composition ?77 chapter 7', 'Piano composition written by some great man.', '', '0000-00-00', '0000-00-00', ''),
(884, 2, 'Piano composition ?77 chapter 7', 'Piano composition written by some great man.', '', '0000-00-00', '0000-00-00', ''),
(885, 2, 'Piano composition ?77 chapter 7', 'Piano composition written by some great man.', '', '0000-00-00', '0000-00-00', ''),
(886, 2, 'Piano composition ?77 chapter 7', 'Piano composition written by some great man.', '', '0000-00-00', '0000-00-00', ''),
(887, 2, 'Piano composition ?77 chapter 7', 'Piano composition written by some great man.', '', '0000-00-00', '0000-00-00', ''),
(888, 2, 'Piano composition ?77 chapter 7', 'Piano composition written by some great man.', '', '0000-00-00', '0000-00-00', ''),
(889, 2, 'Piano composition ?77 chapter 7', 'Piano composition written by some great man.', '', '0000-00-00', '0000-00-00', ''),
(890, 2, 'Piano composition ?77 chapter 7', 'Piano composition written by some great man.', '', '0000-00-00', '0000-00-00', ''),
(891, 2, 'Piano composition ?77 chapter 7', 'Piano composition written by some great man.', '', '0000-00-00', '0000-00-00', ''),
(892, 2, 'Piano composition ?77 chapter 7', 'Piano composition written by some great man.', '', '0000-00-00', '0000-00-00', ''),
(893, 2, 'Piano composition ?77 chapter 7', 'Piano composition written by some great man.', '', '0000-00-00', '0000-00-00', ''),
(894, 2, 'Piano composition ?77 chapter 7', 'Piano composition written by some great man.', '', '0000-00-00', '0000-00-00', ''),
(895, 2, 'Piano composition ?77 chapter 7', 'Piano composition written by some great man.', '', '0000-00-00', '0000-00-00', ''),
(896, 2, 'Piano composition ?77 chapter 7', 'Piano composition written by some great man.', '', '0000-00-00', '0000-00-00', ''),
(897, 2, 'Piano composition ?77 chapter 7', 'Piano composition written by some great man.', '', '0000-00-00', '0000-00-00', ''),
(898, 2, 'Piano composition ?77 chapter 7', 'Piano composition written by some great man.', '', '0000-00-00', '0000-00-00', ''),
(899, 2, 'Piano composition ?77 chapter 7', 'Piano composition written by some great man.', '', '0000-00-00', '0000-00-00', ''),
(900, 2, 'Piano composition ?77 chapter 7', 'Piano composition written by some great man.', '', '0000-00-00', '0000-00-00', ''),
(901, 2, 'Piano composition ?77 chapter 7', 'Piano composition written by some great man.', '', '0000-00-00', '0000-00-00', ''),
(902, 2, 'Piano composition ?77 chapter 7', 'Piano composition written by some great man.', '', '0000-00-00', '0000-00-00', ''),
(903, 2, 'Piano composition ?77 chapter 7', 'Piano composition written by some great man.', '', '0000-00-00', '0000-00-00', ''),
(904, 2, 'Piano composition ?77 chapter 7', 'Piano composition written by some great man.', '', '0000-00-00', '0000-00-00', ''),
(905, 2, 'Piano composition ?77 chapter 7', 'Piano composition written by some great man.', '', '0000-00-00', '0000-00-00', ''),
(906, 2, 'Piano composition ?77 chapter 7', 'Piano composition written by some great man.', '', '0000-00-00', '0000-00-00', ''),
(907, 2, 'Piano composition ?77 chapter 7', 'Piano composition written by some great man.', '', '0000-00-00', '0000-00-00', ''),
(908, 2, 'Piano composition ?77 chapter 7', 'Piano composition written by some great man.', '', '0000-00-00', '0000-00-00', ''),
(909, 2, 'Piano composition ?77 chapter 7', 'Piano composition written by some great man.', '', '0000-00-00', '0000-00-00', ''),
(910, 2, 'Piano composition ?77 chapter 7', 'Piano composition written by some great man.', '', '0000-00-00', '0000-00-00', ''),
(911, 2, 'Piano composition ?77 chapter 7', 'Piano composition written by some great man.', '', '0000-00-00', '0000-00-00', ''),
(912, 2, 'Piano composition ?77 chapter 7', 'Piano composition written by some great man.', '', '0000-00-00', '0000-00-00', ''),
(913, 2, 'Piano composition ?77 chapter 7', 'Piano composition written by some great man.', '', '0000-00-00', '0000-00-00', ''),
(914, 2, 'Piano composition ?77 chapter 7', 'Piano composition written by some great man.', '', '0000-00-00', '0000-00-00', ''),
(915, 2, 'Piano composition ?77 chapter 7', 'Piano composition written by some great man.', '', '0000-00-00', '0000-00-00', ''),
(916, 2, 'Piano composition ?77 chapter 7', 'Piano composition written by some great man.', '', '0000-00-00', '0000-00-00', ''),
(917, 2, 'Piano composition ?77 chapter 7', 'Piano composition written by some great man.', '', '0000-00-00', '0000-00-00', ''),
(918, 2, 'Piano composition ?77 chapter 7', 'Piano composition written by some great man.', '', '0000-00-00', '0000-00-00', ''),
(919, 2, 'Piano composition ?77 chapter 7', 'Piano composition written by some great man.', '', '0000-00-00', '0000-00-00', ''),
(920, 2, 'Piano composition ?77 chapter 7', 'Piano composition written by some great man.', '', '0000-00-00', '0000-00-00', ''),
(921, 2, 'Piano composition ?77 chapter 7', 'Piano composition written by some great man.', '', '0000-00-00', '0000-00-00', ''),
(922, 2, 'Piano composition ?77 chapter 7', 'Piano composition written by some great man.', '', '0000-00-00', '0000-00-00', ''),
(923, 2, 'Piano composition ?77 chapter 7', 'Piano composition written by some great man.', '', '0000-00-00', '0000-00-00', ''),
(924, 2, 'Piano composition ?77 chapter 7', 'Piano composition written by some great man.', '', '0000-00-00', '0000-00-00', ''),
(925, 2, 'Piano composition ?77 chapter 7', 'Piano composition written by some great man.', '', '0000-00-00', '0000-00-00', ''),
(926, 2, 'Piano composition ?77 chapter 7', 'Piano composition written by some great man.', '', '0000-00-00', '0000-00-00', ''),
(927, 2, 'Piano composition ?77 chapter 7', 'Piano composition written by some great man.', '', '0000-00-00', '0000-00-00', ''),
(928, 2, 'Piano composition ?77 chapter 7', 'Piano composition written by some great man.', '', '0000-00-00', '0000-00-00', ''),
(929, 2, 'Piano composition ?77 chapter 7', 'Piano composition written by some great man.', '', '0000-00-00', '0000-00-00', ''),
(930, 2, 'Piano composition ?77 chapter 7', 'Piano composition written by some great man.', '', '0000-00-00', '0000-00-00', ''),
(931, 2, 'Piano composition ?77 chapter 7', 'Piano composition written by some great man.', '', '0000-00-00', '0000-00-00', ''),
(932, 2, 'Piano composition ?77 chapter 7', 'Piano composition written by some great man.', '', '0000-00-00', '0000-00-00', ''),
(933, 2, 'Piano composition ?77 chapter 7', 'Piano composition written by some great man.', '', '0000-00-00', '0000-00-00', ''),
(934, 2, 'Piano composition ?77 chapter 7', 'Piano composition written by some great man.', '', '0000-00-00', '0000-00-00', ''),
(935, 2, 'Piano composition ?77 chapter 7', 'Piano composition written by some great man.', '', '0000-00-00', '0000-00-00', ''),
(936, 2, 'Piano composition ?77 chapter 7', 'Piano composition written by some great man.', '', '0000-00-00', '0000-00-00', ''),
(937, 2, 'Piano composition ?77 chapter 7', 'Piano composition written by some great man.', '', '0000-00-00', '0000-00-00', ''),
(938, 2, 'Piano composition ?77 chapter 7', 'Piano composition written by some great man.', '', '0000-00-00', '0000-00-00', ''),
(939, 2, 'Piano composition ?77 chapter 7', 'Piano composition written by some great man.', '', '0000-00-00', '0000-00-00', ''),
(940, 2, 'Piano composition ?77 chapter 7', 'Piano composition written by some great man.', '', '0000-00-00', '0000-00-00', ''),
(941, 2, 'Piano composition ?77 chapter 7', 'Piano composition written by some great man.', '', '0000-00-00', '0000-00-00', ''),
(942, 2, 'Piano composition ?77 chapter 7', 'Piano composition written by some great man.', '', '0000-00-00', '0000-00-00', ''),
(943, 2, 'Piano composition ?77 chapter 7', 'Piano composition written by some great man.', '', '0000-00-00', '0000-00-00', ''),
(944, 2, 'Piano composition ?77 chapter 7', 'Piano composition written by some great man.', '', '0000-00-00', '0000-00-00', ''),
(945, 2, 'Piano composition ?77 chapter 7', 'Piano composition written by some great man.', '', '0000-00-00', '0000-00-00', ''),
(946, 2, 'Piano composition ?77 chapter 7', 'Piano composition written by some great man.', '', '0000-00-00', '0000-00-00', ''),
(947, 2, 'Piano composition ?77 chapter 7', 'Piano composition written by some great man.', '', '0000-00-00', '0000-00-00', ''),
(948, 2, 'Piano composition ?77 chapter 7', 'Piano composition written by some great man.', '', '0000-00-00', '0000-00-00', ''),
(949, 2, 'Piano composition ?77 chapter 7', 'Piano composition written by some great man.', '', '0000-00-00', '0000-00-00', ''),
(950, 2, 'Piano composition ?77 chapter 7', 'Piano composition written by some great man.', '', '0000-00-00', '0000-00-00', ''),
(951, 2, 'Piano composition ?77 chapter 7', 'Piano composition written by some great man.', '', '0000-00-00', '0000-00-00', ''),
(952, 2, 'Piano composition ?77 chapter 7', 'Piano composition written by some great man.', '', '0000-00-00', '0000-00-00', ''),
(953, 2, 'Piano composition ?77 chapter 7', 'Piano composition written by some great man.', '', '0000-00-00', '0000-00-00', ''),
(954, 2, 'Piano composition ?77 chapter 7', 'Piano composition written by some great man.', '', '0000-00-00', '0000-00-00', ''),
(955, 2, 'Piano composition ?77 chapter 7', 'Piano composition written by some great man.', '', '0000-00-00', '0000-00-00', ''),
(956, 2, 'Piano composition ?77 chapter 7', 'Piano composition written by some great man.', '', '0000-00-00', '0000-00-00', ''),
(957, 2, 'Piano composition ?77 chapter 7', 'Piano composition written by some great man.', '', '0000-00-00', '0000-00-00', ''),
(958, 2, 'Piano composition ?77 chapter 7', 'Piano composition written by some great man.', '', '0000-00-00', '0000-00-00', ''),
(959, 2, 'Piano composition ?77 chapter 7', 'Piano composition written by some great man.', '', '0000-00-00', '0000-00-00', ''),
(960, 2, 'Piano composition ?77 chapter 7', 'Piano composition written by some great man.', '', '0000-00-00', '0000-00-00', ''),
(961, 2, 'Piano composition ?77 chapter 7', 'Piano composition written by some great man.', '', '0000-00-00', '0000-00-00', ''),
(962, 2, 'Piano composition ?77 chapter 7', 'Piano composition written by some great man.', '', '0000-00-00', '0000-00-00', ''),
(963, 2, 'Piano composition ?77 chapter 7', 'Piano composition written by some great man.', '', '0000-00-00', '0000-00-00', ''),
(964, 2, 'Piano composition ?77 chapter 7', 'Piano composition written by some great man.', '', '0000-00-00', '0000-00-00', ''),
(965, 2, 'Piano composition ?77 chapter 7', 'Piano composition written by some great man.', '', '0000-00-00', '0000-00-00', ''),
(966, 2, 'Piano composition ?77 chapter 7', 'Piano composition written by some great man.', '', '0000-00-00', '0000-00-00', ''),
(967, 2, 'Piano composition ?77 chapter 7', 'Piano composition written by some great man.', '', '0000-00-00', '0000-00-00', ''),
(968, 2, 'Piano composition ?77 chapter 7', 'Piano composition written by some great man.', '', '0000-00-00', '0000-00-00', ''),
(969, 2, 'Piano composition ?77 chapter 7', 'Piano composition written by some great man.', '', '0000-00-00', '0000-00-00', ''),
(970, 2, 'Piano composition ?77 chapter 7', 'Piano composition written by some great man.', '', '0000-00-00', '0000-00-00', ''),
(971, 2, 'Piano composition ?77 chapter 7', 'Piano composition written by some great man.', '', '0000-00-00', '0000-00-00', ''),
(972, 2, 'Piano composition ?77 chapter 7', 'Piano composition written by some great man.', '', '0000-00-00', '0000-00-00', ''),
(973, 2, 'Piano composition ?77 chapter 7', 'Piano composition written by some great man.', '', '0000-00-00', '0000-00-00', ''),
(974, 2, 'Piano composition ?77 chapter 7', 'Piano composition written by some great man.', '', '0000-00-00', '0000-00-00', ''),
(975, 2, 'Piano composition ?77 chapter 7', 'Piano composition written by some great man.', '', '0000-00-00', '0000-00-00', ''),
(976, 2, 'Piano composition ?77 chapter 7', 'Piano composition written by some great man.', '', '0000-00-00', '0000-00-00', ''),
(977, 2, 'Piano composition ?77 chapter 7', 'Piano composition written by some great man.', '', '0000-00-00', '0000-00-00', ''),
(978, 2, 'Piano composition ?77 chapter 7', 'Piano composition written by some great man.', '', '0000-00-00', '0000-00-00', ''),
(979, 2, 'Piano composition ?77 chapter 7', 'Piano composition written by some great man.', '', '0000-00-00', '0000-00-00', ''),
(980, 2, 'Piano composition ?77 chapter 7', 'Piano composition written by some great man.', '', '0000-00-00', '0000-00-00', ''),
(981, 2, 'Piano composition ?77 chapter 7', 'Piano composition written by some great man.', '', '0000-00-00', '0000-00-00', ''),
(982, 2, 'Piano composition ?77 chapter 7', 'Piano composition written by some great man.', '', '0000-00-00', '0000-00-00', ''),
(983, 2, 'Piano composition ?77 chapter 7', 'Piano composition written by some great man.', '', '0000-00-00', '0000-00-00', ''),
(984, 2, 'Piano composition ?77 chapter 7', 'Piano composition written by some great man.', '', '0000-00-00', '0000-00-00', ''),
(985, 2, 'Piano composition ?77 chapter 7', 'Piano composition written by some great man.', '', '0000-00-00', '0000-00-00', ''),
(986, 2, 'Piano composition ?77 chapter 7', 'Piano composition written by some great man.', '', '0000-00-00', '0000-00-00', ''),
(987, 2, 'Piano composition ?77 chapter 7', 'Piano composition written by some great man.', '', '0000-00-00', '0000-00-00', ''),
(988, 2, 'Piano composition ?77 chapter 7', 'Piano composition written by some great man.', '', '0000-00-00', '0000-00-00', ''),
(989, 2, 'Piano composition ?77 chapter 7', 'Piano composition written by some great man.', '', '0000-00-00', '0000-00-00', ''),
(990, 2, 'Piano composition ?77 chapter 7', 'Piano composition written by some great man.', '', '0000-00-00', '0000-00-00', ''),
(991, 2, 'Piano composition ?77 chapter 7', 'Piano composition written by some great man.', '', '0000-00-00', '0000-00-00', ''),
(992, 2, 'Piano composition ?77 chapter 7', 'Piano composition written by some great man.', '', '0000-00-00', '0000-00-00', ''),
(993, 2, 'Piano composition ?77 chapter 7', 'Piano composition written by some great man.', '', '0000-00-00', '0000-00-00', ''),
(994, 2, 'Piano composition ?77 chapter 7', 'Piano composition written by some great man.', '', '0000-00-00', '0000-00-00', ''),
(995, 2, 'Piano composition ?77 chapter 7', 'Piano composition written by some great man.', '', '0000-00-00', '0000-00-00', ''),
(996, 2, 'Piano composition ?77 chapter 7', 'Piano composition written by some great man.', '', '0000-00-00', '0000-00-00', ''),
(997, 2, 'Piano composition ?77 chapter 7', 'Piano composition written by some great man.', '', '0000-00-00', '0000-00-00', ''),
(998, 2, 'Piano composition ?77 chapter 7', 'Piano composition written by some great man.', '', '0000-00-00', '0000-00-00', ''),
(999, 2, 'Piano composition ?77 chapter 7', 'Piano composition written by some great man.', '', '0000-00-00', '0000-00-00', ''),
(1000, 2, 'Piano composition ?77 chapter 7', 'Piano composition written by some great man.', '', '0000-00-00', '0000-00-00', ''),
(1001, 2, 'Piano composition #77 chapter 7', 'Piano composition written by some great man.', 'http://some_url', '2016-03-30', '2015-04-02', '#stupid music, #stupid author, #nojoy'),
(1004, 1, 'Bach violin concert vol.3', 'Violin concert written by Bach to test my site and DataBase work. Nothing important here. Message will be deleted in 15 seconds.', '', '0000-00-00', '0000-00-00', ''),
(1005, 2, 'Undefined', 'Undefined', 'Undefined', '2016-04-01', '0000-00-00', 'Undefined'),
(1006, 4, 'Undefined', 'Undefined', 'Undefined', '2016-04-01', '0000-00-00', 'Undefined');

-- --------------------------------------------------------

--
-- Структура таблицы `images`
--

CREATE TABLE `images` (
  `id` int(10) UNSIGNED NOT NULL COMMENT 'image id',
  `filename` varchar(64) COLLATE utf8_bin NOT NULL,
  `page` int(10) UNSIGNED NOT NULL,
  `composition_id` int(10) UNSIGNED NOT NULL,
  `cleaner_version` varchar(10) COLLATE utf8_bin NOT NULL
) ENGINE=InnoDB DEFAULT CHARSET=utf8 COLLATE=utf8_bin;

--
-- Дамп данных таблицы `images`
--

INSERT INTO `images` (`id`, `filename`, `page`, `composition_id`, `cleaner_version`) VALUES
(1, 'sample_1.jpg', 1, 1, '1'),
(2, 'sample_2.jpg', 2, 1, '1'),
(3, 'sample_3.jpg', 1, 2, '1'),
(4, 'sample_1.jpg', 3, 1, '1'),
(5, 'sample_4.jpg', 4, 1, '1'),
(6, 'sample_5.jpg', 5, 1, '1'),
(7, 'sample_6.jpg', 6, 1, '1'),
(8, 'sample_7.jpg', 7, 1, '1'),
(9, 'sample_8.jpg', 8, 1, '1'),
(10, 'sample_8.jpg', 8, 1, '1'),
(11, 'sample_8.jpg', 8, 1, '1'),
(12, 'sample_8.jpg', 8, 1, '1'),
(13, 'sample_8.jpg', 8, 1, '1'),
(14, 'Undefined', 1, 0, 'Undefined'),
(20, 'Undefined', 2, 0, 'Undefined'),
(21, 'Undefined', 1, 1005, 'Undefined'),
(22, 'Undefined', 1, 1006, 'Undefined'),
(23, 'Undefined', 2, 1006, 'Undefined'),
(24, 'super_file.jpg', 3, 1006, '1'),
(25, 'super_file.jpg', 4, 1006, '1'),
(26, 'super_file.jpg', 5, 1006, '1'),
(27, 'super_file.jpg', 6, 1006, '1'),
(28, 'super_file.jpg', 7, 1006, '1'),
(29, 'super_file.jpg', 8, 1006, '1'),
(30, 'super_file.jpg', 9, 1006, '1');

--
-- Индексы сохранённых таблиц
--

--
-- Индексы таблицы `authors`
--
ALTER TABLE `authors`
  ADD PRIMARY KEY (`id`,`name`),
  ADD UNIQUE KEY `id` (`id`),
  ADD UNIQUE KEY `name` (`name`),
  ADD KEY `id_2` (`id`),
  ADD KEY `id_3` (`id`);

--
-- Индексы таблицы `AuthorsCompositions`
--
ALTER TABLE `AuthorsCompositions`
  ADD KEY `author_id` (`author_id`),
  ADD KEY `composition_id` (`composition_id`),
  ADD KEY `composition_id_2` (`composition_id`);

--
-- Индексы таблицы `compositions`
--
ALTER TABLE `compositions`
  ADD PRIMARY KEY (`id`),
  ADD UNIQUE KEY `id` (`id`),
  ADD KEY `author_id` (`author_id`);

--
-- Индексы таблицы `images`
--
ALTER TABLE `images`
  ADD PRIMARY KEY (`id`),
  ADD KEY `composition_id` (`id`),
  ADD KEY `id` (`composition_id`);

--
-- AUTO_INCREMENT для сохранённых таблиц
--

--
-- AUTO_INCREMENT для таблицы `authors`
--
ALTER TABLE `authors`
  MODIFY `id` int(10) UNSIGNED NOT NULL AUTO_INCREMENT, AUTO_INCREMENT=7;
--
-- AUTO_INCREMENT для таблицы `compositions`
--
ALTER TABLE `compositions`
  MODIFY `id` int(10) UNSIGNED NOT NULL AUTO_INCREMENT, AUTO_INCREMENT=1007;
--
-- AUTO_INCREMENT для таблицы `images`
--
ALTER TABLE `images`
  MODIFY `id` int(10) UNSIGNED NOT NULL AUTO_INCREMENT COMMENT 'image id', AUTO_INCREMENT=31;
--
-- Ограничения внешнего ключа сохраненных таблиц
--

--
-- Ограничения внешнего ключа таблицы `images`
--
ALTER TABLE `images`
  ADD CONSTRAINT `images_ibfk_1` FOREIGN KEY (`composition_id`) REFERENCES `compositions` (`id`) ON DELETE CASCADE ON UPDATE CASCADE;

/*!40101 SET CHARACTER_SET_CLIENT=@OLD_CHARACTER_SET_CLIENT */;
/*!40101 SET CHARACTER_SET_RESULTS=@OLD_CHARACTER_SET_RESULTS */;
/*!40101 SET COLLATION_CONNECTION=@OLD_COLLATION_CONNECTION */;
